pdbname,cluster,subcluster
5uxq,0,0
5v8l,0,1
5uy3,0,2
4rqq,1,0
3u1s,2,0
3lrs,3,0
3mme,3,0
6ulc,3,0
3u36,3,1
3mug,3,2
4dqo,3,2
4yaq,4,0
3u4e,4,1
3u2s,4,1
5o03,5,0
5fuu,6,0
6dcq,6,0
6olp,6,0
6mar,6,0
4nug,6,0
4nuj,6,1
7jie,7,0
3q6g,8,0
6qn8,9,0
6qna,9,0
1rzf,10,0
6u0l,10,1
6u0n,10,1
6n1w,11,0
6ot1,11,0
6cde,11,0
4tvp,11,0
6nf2,11,0
6vlr,11,0
5d9q,11,0
6mpg,11,0
6cdi,11,0
5i8h,11,0
5utf,11,0
6mph,11,0
5u7m,11,0
4nco,11,0
6osy,11,0
6cue,11,0
5u7o,11,0
6n1v,11,0
5uty,11,0
6cuf,11,0
5fyl,11,0
6b0n,11,0
4jy5,11,0
6de7,11,0
4fqc,11,1
4fq1,11,1
4jy4,11,1
5w6d,11,2
5cex,11,2
4jy6,11,3
4npy,11,4
5w08,12,0
6ur5,12,0
5w0d,12,1
3u46,13,0
5esz,13,0
3u4b,13,0
3tcl,13,0
5esv,13,1
4fqr,14,0
4fp8,14,0
4fnl,14,0
6ml8,14,0
6d0u,14,1
5umn,14,2
6udj,15,0
5t3z,15,0
6orn,15,0
6udk,15,0
6okp,15,0
4fq2,15,0
6v8z,15,0
5t3x,15,0
6nnj,15,1
6nm6,15,1
6muf,15,1
6mtn,15,1
5v7j,15,1
6mug,15,1
6mu6,15,1
6mtj,15,1
6nnf,15,1
5cez,15,1
6vzi,15,1
6w03,15,1
6ck9,15,1
6mu7,15,1
6mu8,15,1
6wix,15,1
5cey,15,2
4r2g,15,2
6mco,15,2
5t3s,15,2
6ce0,15,2
6mdt,15,2
5um8,15,2
6ieq,15,2
4r26,15,2
1mel,16,0
1jto,16,0
1jtp,16,0
1jtt,16,0
1zmy,16,0
1xfp,16,0
5lhp,17,0
5lhn,17,0
5lhq,17,0
4fqq,18,0
5o0w,19,0
7kfh,20,0
4utb,21,0
5n0a,21,0
5n09,21,0
5lcv,21,0
4ut7,21,0
4ut6,21,1
7llk,22,0
4uv4,23,0
7bu8,24,0
7bud,24,0
7bub,24,0
7bua,24,0
6cmi,25,0
6cmg,25,0
7k90,26,0
5feh,27,0
6ca6,27,1
3qeg,28,0
6w4m,28,1
3g9a,29,0
4o58,30,0
4o5l,30,0
4xny,31,0
4s1r,31,1
4xmp,31,2
6xpz,32,0
6ca7,33,0
6ca9,33,1
6lxj,34,0
6lxi,34,0
6lxk,34,1
6xrt,35,0
4hep,36,0
1tjh,37,0
3idi,37,0
1tji,37,0
3idm,37,0
1u8i,37,0
1u8q,37,0
1u8o,37,0
1u91,37,0
1u92,37,0
1u8p,37,0
3d0l,37,0
1u8m,37,0
3moa,37,0
1u93,37,0
1u8k,37,0
3mob,37,0
1u8h,37,0
3d0v,37,0
3egs,37,0
3idn,37,0
2p8p,37,0
3idj,37,0
3mod,37,0
2pr4,37,0
3lev,37,0
3drt,37,0
3idg,37,0
2p8m,37,0
1u8l,37,0
3drq,37,0
2pw2,37,0
3dro,37,0
1u8n,37,0
2f5b,37,0
1u8j,37,0
1u95,37,0
2p8l,37,0
1tjg,37,0
3bqu,37,0
2pw1,37,0
2f5a,37,1
6oej,38,0
4fz8,38,0
6uye,39,0
6pci,39,0
5vvf,40,0
7ld1,41,0
7kdd,42,0
4ot1,42,0
4osu,42,0
7kfb,43,0
2xtj,44,0
1rhh,45,0
2b4c,45,0
6ncp,46,0
5foj,47,0
5kaq,48,0
6db7,49,0
5u3j,50,0
6bkd,51,0
5dd6,52,0
5dd3,52,1
5dd0,52,1
5dd5,52,1
5dd1,52,1
6q20,53,0
6q1z,53,1
5eu7,54,0
5u3n,55,0
5u3m,55,0
5bv7,55,1
4xx1,55,1
4xwg,55,1
7lx5,56,0
7ldj,56,0
5ty6,57,0
5u3l,58,0
5u3k,58,0
5u3o,58,0
5u3p,58,1
6q19,59,0
6q1a,59,0
6q0h,59,0
6q1k,59,0
6q0i,59,0
6q0l,59,0
6q18,59,1
6q1g,59,1
6q1j,59,2
6q0o,59,2
6q1e,59,3
6q0e,59,3
5uix,60,0
6umj,61,0
6umg,61,0
6umh,61,0
6umi,61,0
3piq,62,0
3q6f,62,1
6uum,63,0
6uul,63,1
6utk,63,1
6uuh,63,1
4jo3,64,0
4jo4,64,0
6vi1,65,0
6xmi,65,0
6vi2,65,0
5u4r,66,0
6v4o,67,0
4nry,68,0
4nrz,68,0
4nrx,68,0
3x3f,68,1
3x3g,68,1
6okq,69,0
6qn7,70,0
6qn9,70,0
6nf5,71,0
6xq0,72,0
4lri,73,0
7lbe,73,0
7lbf,73,0
7lbg,73,0
7kf9,74,0
6e3h,75,0
6pdx,76,0
6dfh,77,0
4krn,78,0
4kro,78,0
6knm,79,0
6dfg,80,0
6ch9,80,0
6ch7,80,0
5ud9,80,0
6ch8,80,0
6q23,81,0
4oaw,82,0
4ydj,83,0
5fwo,84,0
6ey6,84,0
4rnr,85,0
4hf5,86,0
6wex,87,0
6wf1,87,0
6wf0,87,0
6wez,87,0
2qad,88,0
1rzg,88,1
6fys,89,0
6fyw,89,0
6e4x,90,0
4y7m,91,0
4qgy,91,0
7kde,92,0
6nqd,92,0
5cjx,92,0
6cm3,92,1
4p9h,92,1
5c7k,92,1
4p9m,92,1
6edu,92,1
5jo5,93,0
5t29,93,0
5t80,93,0
4u6g,93,0
4g6f,93,0
5t5b,93,0
5jny,93,0
5t85,93,0
5t6l,93,0
6x58,93,0
5jr1,93,0
5iq9,93,0
5ghw,93,0
5iq7,93,0
5sy8,93,0
5tfw,93,0
5wdf,93,1
6cw2,94,0
1rzi,95,0
6oz2,96,0
6oz4,96,0
6bck,96,1
4iml,97,0
4imk,97,0
5cba,97,1
5c6w,97,1
5cbe,97,1
5c2b,97,1
4ris,97,2
4rir,97,2
7dpm,97,3
7czx,98,0
6xkp,99,0
7lm8,100,0
7jmw,100,0
7jmx,100,0
7ksg,101,0
7b18,101,0
7kn5,101,0
7b14,101,0
6p3s,102,0
6p3r,102,0
4m1d,103,0
3c2a,103,0
3ghb,103,0
1q1j,103,0
4lhq,104,0
5e1h,105,0
4fhb,106,0
4lkc,107,0
4k8r,107,0
6b0a,107,1
4w6y,108,0
6pzy,109,0
3ztj,110,0
3ztn,110,0
5bzd,111,0
5bzw,111,0
7l5b,112,0
6mam,113,0
5vm6,114,0
5alb,115,0
5alc,115,1
7luc,116,0
7l2f,117,0
4m1c,118,0
5wob,118,0
4iof,118,0
5cjo,118,0
4nzr,119,0
4jm4,119,0
4jm2,119,0
6rcv,120,0
6rcu,120,0
6rcs,120,0
4ydk,121,0
1za3,122,0
6ibb,123,0
6rnk,123,0
6z10,123,0
6pbv,124,0
6p9j,124,1
7mjs,125,0
6qv2,126,0
5gru,127,0
6dl8,128,0
6dlb,128,0
6dla,128,1
7k8q,128,2
7k8x,128,2
7k8y,128,2
3ghe,129,0
7nd4,130,0
7bel,130,0
7l56,130,1
6e56,131,0
5wb2,132,0
4lgs,133,0
5gxb,134,0
2fx7,135,0
4xbp,135,0
4xce,135,0
4llv,135,0
4xbg,135,0
1tzg,135,0
2fx9,135,0
2fx8,135,0
4xcc,135,0
4xcn,135,0
4xc1,135,0
4xcy,135,0
4wy7,135,0
4xc3,135,0
5cip,135,0
4nhc,135,0
4xaw,135,0
4ngh,135,0
4xbe,135,0
4xcf,135,0
3lh2,135,1
3lhp,135,1
3h3p,135,1
4m62,135,2
5cil,135,3
4odx,135,4
4ob5,135,4
4m8q,135,5
4lrn,135,5
5cin,135,6
5x08,135,7
6ukj,136,0
6wit,137,0
2ny1,138,0
7lok,138,0
2i60,138,0
1gc1,138,0
6opo,138,0
1rz8,138,0
6opp,138,0
7lo6,138,0
2i5y,138,0
2ny5,138,0
2nxy,138,0
2ny6,138,0
6opq,138,0
2ny0,138,0
1rzj,138,0
1yyl,138,0
1yym,138,0
2nxz,138,0
4rqs,138,0
2ny2,138,0
6x5b,138,0
2ny4,138,0
2ny3,138,0
1rzk,138,0
5vn3,138,0
1g9n,138,1
1g9m,138,1
3bn9,139,0
6wzg,140,0
7bb6,140,0
6whc,140,0
7d3s,140,0
7d7m,140,0
6wpw,140,0
7bw0,140,0
6lpb,140,0
7ljd,140,0
7crh,140,0
7ljc,140,0
7cky,140,0
6p9y,140,0
7cx2,140,0
7bb7,140,0
7c2e,140,0
5uz7,140,0
6m1h,140,0
6pb0,140,0
7ckz,140,0
7jjo,140,0
6x1a,140,0
7dhi,140,0
7bz2,140,0
7mbx,140,0
7jvq,140,0
6x18,140,0
7d68,140,0
6nbi,140,0
6wi9,140,0
6vn7,140,0
7kh0,140,0
7jv5,140,0
7dhr,140,0
6lmk,140,0
7cfn,140,0
6xox,140,0
6vcb,140,0
6uva,140,0
7ckx,140,0
7cx3,140,0
6m1i,140,0
6e3y,140,0
7cfm,140,0
5vai,140,0
3sn6,140,0
6ni3,140,0
6li3,140,0
6pb1,140,0
6x19,140,0
6nbh,140,0
7cx4,140,0
6niy,140,0
7joz,140,0
6nbf,140,0
6b3j,140,0
6p9x,140,0
7ckw,140,0
7jvp,140,0
7cz5,140,0
6uus,140,0
6gdg,140,0
6uun,140,0
6oya,140,1
6ksn,141,0
7d5q,141,0
7d5p,141,0
5uk1,142,0
5uk2,142,0
5ujz,142,0
5uk0,142,0
5ug0,142,1
6xw6,143,0
5u65,144,0
4ydv,145,0
1rjc,146,0
5h37,147,0
4ut9,147,0
6mtr,148,0
6mts,148,1
5xez,149,0
5xf1,149,0
4lf3,149,0
4ers,149,0
3idy,150,0
3idx,150,0
6uyf,151,0
6wos,151,0
6bkc,151,0
5kan,152,0
6jep,153,0
5c8j,154,0
7kfg,155,0
7kej,155,0
6xpy,156,0
6urh,157,0
4ej1,158,0
4eiz,158,0
5uel,159,0
5uem,159,0
6opa,160,0
5aco,160,0
3tv3,160,0
6b3d,160,0
3tyg,160,0
3twc,160,1
7k8p,161,0
7k8v,161,0
4ye4,162,0
6eay,163,0
3mlx,164,0
3mly,164,0
3mlz,164,0
1kxt,165,0
6oc7,166,0
6nfc,166,0
4buh,166,1
7lab,167,0
5k9q,168,0
5jz7,169,0
7c2l,170,0
2x89,171,0
4kdt,171,0
7m6f,172,0
3skj,173,0
5f1o,174,0
6z3x,175,0
6mqe,176,0
6mqc,176,1
6ot0,177,0
6cmo,177,0
7l2d,178,0
7dm1,179,0
6rcq,179,1
6apb,179,2
6j9o,180,0
5y2l,180,0
5y2k,180,0
5y2m,180,0
6mid,181,0
7kzz,182,0
7kzx,182,0
5vxk,183,0
7ls9,184,0
5jds,185,0
7now,186,0
5c2u,187,0
4nwu,188,0
4nwt,188,0
6vn1,189,0
5cck,190,0
5awn,190,1
4nnp,191,0
1f2x,192,0
1g6v,192,0
6pbw,193,0
4i0c,194,0
7jxe,195,0
4yjz,196,0
6rqm,197,0
7jtg,198,0
7a6o,199,0
5d1z,200,0
2ny7,201,0
1hzh,201,0
3ru8,201,0
1n0x,201,0
5vn8,201,0
3juy,201,1
6ol6,201,2
6ol5,201,2
6z43,202,0
6z2m,202,0
6yz7,202,0
6yz5,202,0
6zhd,202,1
6zh9,202,1
6zcz,202,1
6zbp,202,1
6xxn,203,0
2x1p,204,0
6h1f,204,1
4s11,204,1
4s10,204,1
7k8w,205,0
5ovw,206,0
5dum,207,0
5drw,208,0
5drx,208,1
5xku,208,2
4n9g,209,0
7l0n,210,0
6wps,210,0
6ws6,210,0
6wpt,210,0
7bep,210,0
7jx3,210,0
7czu,211,0
7czv,211,0
5drz,212,0
2or9,213,0
2orb,213,0
4dk6,215,0
4dk3,215,0
4dka,215,0
6c6z,216,0
6nb8,217,0
6nb7,217,0
6nb6,217,0
6o24,218,0
6ulf,218,0
6vln,218,0
6jb9,219,0
6jb8,219,0
1zvy,219,0
6jb5,219,1
6jb2,219,1
7beo,220,0
7ben,220,0
5fgb,221,0
5fgc,221,0
3stb,222,0
5hgg,223,0
5hdo,223,0
6um7,224,0
6um6,224,1
5tqa,224,1
6cbp,224,1
5u0r,224,2
5tpp,224,3
6um5,224,4
5u15,224,4
6cbj,224,5
5tpl,224,5
5u0u,224,6
7czw,225,0
7d03,225,0
6bli,226,0
6wxl,227,0
1shm,228,0
6fg1,229,0
6uyg,230,0
6bkb,230,0
4mwf,230,1
6mef,230,1
6uym,230,1
6uyd,230,1
6mtq,231,0
6mto,231,1
6os1,232,0
6os2,232,0
6os0,232,0
6do1,232,0
6oyh,233,0
6oyz,233,0
6oz6,233,0
5bjz,234,0
6u8c,234,0
6xgc,235,0
6p65,236,0
6peh,236,0
7m6h,237,0
6cwg,238,0
6cwk,238,0
4b5e,239,0
6lr7,240,0
5od8,241,0
6vsr,242,0
6vn0,242,0
4fql,243,0
6p9i,244,0
6snd,245,0
6sne,245,0
6snc,245,0
4krp,246,0
6mee,247,0
6meh,247,0
6vy5,248,0
6vy6,248,0
4jvp,249,0
6f0d,250,0
6ezw,250,0
6mn7,251,0
5tud,252,0
5cgy,253,0
4tvs,254,0
7cm4,255,0
6vu2,256,0
6vy2,256,0
4eow,257,0
5zmj,257,0
5gzn,258,0
7bpk,258,0
7kqg,259,0
3r0m,260,0
3rjq,260,0
5n88,261,0
5gs2,262,0
6wir,263,0
6wio,263,0
2x1q,264,0
2xa3,265,0
6xpr,266,0
7mf1,267,0
6oor,268,0
2a9n,269,0
2a9m,269,1
3grw,270,0
4wv1,270,0
6dc3,271,0
7bwj,272,0
4xvj,273,0
4glr,274,0
6ww5,275,0
7kqi,276,0
7kqh,276,1
4hcr,276,2
6ous,277,0
4ywg,277,1
4ktd,278,0
5dup,279,0
6oq6,280,0
6oq5,280,0
4i13,281,0
4i1n,281,1
4n1h,282,0
6v7y,283,0
5w42,284,0
5xrq,284,0
5yoy,285,0
5odb,285,1
5wi9,285,2
6v4q,285,3
6v4r,285,3
6woz,286,0
6qd6,287,0
6xvi,287,0
6xux,287,0
6xv8,287,0
6wzm,288,0
6wzj,288,0
6wzl,288,0
6wzk,288,0
7k37,289,0
3whe,289,0
7k39,289,0
7k3a,289,0
7k3b,289,0
3u6r,290,0
6fyu,291,0
5ugy,292,0
4wuk,292,0
4hk3,292,0
4hk0,292,0
4hkb,292,1
4hkx,292,1
4zyk,292,2
4j4p,292,3
6phd,292,4
6uft,293,0
6ul4,293,1
6zg3,294,0
6med,295,0
6mek,295,0
6mei,295,0
6mej,295,0
4ubd,296,0
4r8w,296,0
3pnw,297,0
6bf4,299,0
6fg2,300,0
6v4n,301,0
7d0d,302,0
7d0b,302,0
6umx,303,0
6xxv,304,0
6h6z,305,0
6h70,305,0
5sv4,306,0
5sv3,306,0
7k84,307,0
1dfb,308,0
7lxx,310,0
7lxz,310,0
5udd,311,0
5udc,311,0
6s3d,311,1
4jhw,311,1
4jha,311,1
3k3q,312,0
5ukp,313,0
5ukn,313,0
5uko,313,0
5ukq,313,1
5ukr,313,1
5w1k,314,0
6be3,315,0
6be4,315,0
6be2,315,0
6iuv,315,1
6wo4,316,0
6z6v,317,0
5lz0,318,0
6ey0,318,0
6wo3,319,0
3q1s,320,0
3fn0,320,0
5j57,321,0
5e7f,322,0
5e7b,322,0
7n0i,323,0
5boz,325,0
5csz,326,0
1mvf,327,0
4w81,328,0
7nkt,329,0
6rpj,330,0
4gxu,331,0
4gxv,331,0
3thm,332,0
3tje,332,0
4yk4,333,0
6jri,334,0
1ikf,335,0
6fy3,336,0
7nmu,337,0
5m63,338,0
7m7w,339,0
4irz,340,0
5en2,340,1
4qww,340,2
6xy2,340,3
7e7y,341,0
3f58,342,0
1f58,342,0
2f58,342,0
6n8d,343,0
6wty,344,0
5bk2,345,0
7a50,346,0
7m6i,347,0
4hqq,347,1
4hpo,347,1
3sob,348,0
4grw,349,0
7dzx,350,0
4w6w,351,0
6tyb,352,0
5fhb,353,0
1ri8,354,0
6ir2,355,0
6wdt,356,0
3mlw,357,0
5e08,358,0
7kn7,359,0
7byr,360,0
5u64,361,0
6pze,362,0
6kyz,363,0
3p30,364,0
5e0q,365,0
3jbe,366,0
1u0q,367,0
3inu,368,0
5hj3,368,0
3csy,368,1
7mfu,369,0
7klw,369,0
7mjh,370,0
7mji,370,0
1rih,371,0
6ffj,371,0
7chh,372,0
7chc,372,0
7e8c,372,0
7chf,372,0
7che,372,0
7e8f,372,0
5wca,374,0
6xpq,375,0
6wgj,376,0
6wgb,376,0
6wgk,376,0
6wg8,376,0
6wgl,376,0
6x9s,377,0
6x9t,377,0
6x9v,377,0
6x9u,377,0
6x9r,377,0
3eyo,378,0
3eyf,378,0
3f12,378,1
3eyq,378,2
3u7y,380,0
4om1,380,0
4jkp,380,0
4olx,380,0
4olv,380,0
4olw,380,0
4olz,380,0
4om0,380,0
4olu,380,0
3u7w,380,0
4oly,380,0
4xvt,380,1
4xvs,380,1
4jdv,380,2
4jdt,380,2
5igx,380,2
6qxe,381,0
6qpg,381,0
6qx3,381,0
6uht,382,0
7dm2,383,0
5uk4,384,0
4kvn,385,0
6rbb,386,0
6qkd,386,0
6qv0,387,0
6quz,387,0
7a5v,388,0
5ojm,388,0
5o8f,388,0
6a96,388,0
3v6z,391,0
3v6f,391,0
4cad,391,1
6phh,392,0
6phc,392,0
6phg,392,1
3qeh,393,0
6ck8,394,0
6fyt,394,0
4n0y,395,0
4pb9,396,0
3i75,396,1
3ra7,397,0
1etz,398,0
5vxm,399,0
5bk3,400,0
6azm,400,0
5m13,401,0
5m14,401,0
5wcd,402,0
5a3i,403,0
6vbq,405,0
3dwt,406,0
3eak,406,0
7lxy,407,0
7k43,407,0
7ly2,407,0
4hh9,408,0
4hha,408,0
6nb4,409,0
6nb5,409,0
6nb3,409,0
7nd8,410,0
4kte,411,0
5bk1,412,0
4ptt,413,0
4ptu,413,0
1mf2,414,0
2hrp,414,0
4f2m,414,1
6oz9,415,0
4i18,416,0
6ii8,417,0
4s1s,418,0
5jw4,419,0
5jw5,419,0
5jw3,419,0
6hhu,420,0
6qx4,420,0
6gs7,421,0
6gs1,421,0
6gs4,421,0
6db5,422,0
6d11,423,0
4xak,424,0
6bp2,425,0
5mp2,426,0
4fze,428,0
6c9w,429,0
7lqv,430,0
5ibt,431,0
5ibl,431,0
5ibu,431,1
6oca,432,0
4rx4,433,0
4rwy,433,1
6nn3,434,0
6h15,435,0
6jbt,436,0
4odt,437,0
4odu,437,0
4z8f,437,0
4z95,437,0
7d3k,438,0
4yfl,439,0
6hx4,440,0
6gxx,440,0
6b0e,441,0
5ggv,441,1
5ggu,441,1
6b0g,441,2
7m6e,442,0
6uoe,443,0
2hff,444,0
2hfg,444,0
6uc6,445,0
5tok,446,0
5tp3,447,0
5toj,447,0
5vgj,448,0
5ewi,448,0
6eqi,449,0
5imo,450,0
5imk,450,0
5imm,450,0
5iml,450,0
5fuc,451,0
6x08,452,0
6ocb,453,0
6obz,453,0
6oc3,453,0
7jkb,454,0
5w2b,455,0
5vkd,455,0
6nz7,456,0
6vo0,457,0
7kmg,458,0
7l3n,458,0
6qig,459,0
6x06,460,0
7laa,461,0
6wmw,462,0
6wfy,463,0
1qd0,464,0
1opg,465,0
1bm3,465,0
5tpn,466,0
2x6m,467,0
5m15,468,0
7dk0,469,0
1zvh,470,0
5bop,471,0
4w6x,472,0
6ln2,473,0
6waq,474,0
2xqb,475,0
6ukt,477,0
5wcc,478,0
6wo5,479,0
4idj,480,0
5lwf,481,0
5e8e,482,0
6ui1,483,0
4fqj,484,0
3so3,486,0
6whk,487,0
5u68,488,0
6apd,489,0
6dc4,489,0
6dc5,489,0
4xml,490,0
4xmk,490,0
4krl,491,0
4krm,491,0
5trp,492,0
6o3u,493,0
6o3l,493,0
6o3k,493,0
6o3g,493,1
6o3j,493,1
6o42,493,1
6o41,493,1
6o3d,493,1
6cwd,494,0
6cvk,494,0
4idl,495,0
6hhd,496,0
4n9o,496,0
6heq,496,0
4kml,496,0
6her,496,0
2b1a,497,0
2b0s,497,0
2b1h,497,0
6b6z,498,0
5vz1,498,0
6pi7,499,0
6xxo,500,0
6xxp,500,0
3hzm,501,0
3hzk,501,0
3hzy,501,0
3hzv,501,0
6mlm,502,0
6btj,502,0
6gci,503,0
5w24,504,0
5w23,504,0
7jmp,505,0
3mlr,506,0
3mlv,506,0
3mls,506,0
3mlu,506,0
3mlt,506,0
7jw0,507,0
2brr,507,1
5mhg,507,2
5mhe,507,2
2qhr,507,3
3qxw,508,0
3qxv,508,0
3qxu,508,0
3qxt,508,0
7k8s,509,0
7k8o,509,0
7k8t,509,0
3ejz,510,0
2fee,510,0
2r9h,510,0
4kkl,510,0
6ada,510,0
6k5a,510,0
4kk5,510,0
4fg6,510,0
3det,510,0
1otu,510,0
4kk8,510,0
6ad8,510,0
4kkb,510,0
6ad7,510,0
4kjw,510,0
6k5i,510,0
5hd8,510,0
6k5f,510,0
2fec,510,0
4kk6,510,0
4kjp,510,0
2fed,510,0
4mqx,510,0
6adb,510,0
1ots,510,0
2ez0,510,0
4lou,510,0
2exw,510,0
6k5d,510,0
4ene,510,0
4kk9,510,0
2hlf,510,0
3ejy,510,0
6adc,510,0
4kka,510,0
2h2p,510,0
2ht4,510,0
1ott,510,0
4kkc,510,0
2exy,510,0
2h2s,510,0
4kjq,510,0
2ht2,510,0
2htk,510,0
2htl,510,0
2ht3,510,0
7kyl,510,1
6gkd,511,0
6gk4,511,0
6gjs,511,0
6u3i,512,0
5vlp,512,0
6u2f,512,0
4c58,513,0
4y8d,513,0
4c59,513,0
3k80,514,0
5c0n,515,0
7khf,516,0
6rvc,517,0
5x2o,518,0
5x2n,518,0
5x2q,518,0
5x2m,518,0
5x2p,518,0
6al5,519,0
6al4,519,0
3tt1,519,1
5nbm,520,0
5nbl,520,0
5f7l,521,0
6ran,522,0
6rah,522,0
6rai,522,0
6rag,522,0
6raf,522,0
6rak,522,0
6raj,522,0
6ral,522,0
6ram,522,0
6huj,523,0
6huk,523,0
6huo,523,0
6hup,523,0
6hug,523,0
6i53,523,0
3vga,524,0
3vg9,524,0
3wfc,525,0
5gux,525,0
3wfb,525,0
3wfe,525,0
3o0r,525,0
3wfd,525,0
5kw9,526,0
5vl2,527,0
5vm0,527,1
5vlv,527,1
2qqk,528,0
2qql,528,0
4xnz,529,0
4s1q,529,0
4jb9,529,1
5w1m,530,0
5w1g,530,0
3bkc,531,0
4f37,531,0
3aaz,531,0
3bkm,531,0
3bkj,531,0
3bae,531,0
7k8u,532,0
5iie,533,0
5t4z,533,0
6p3b,533,1
5van,534,0
5vak,534,0
5vaq,534,0
5wnb,535,0
5wna,535,0
2vyr,536,0
7k7y,537,0
7kra,538,0
7ktx,538,0
6orp,539,0
6e1k,541,0
6ru3,542,0
6sge,543,0
5u4l,544,0
5u4m,544,0
5j56,544,0
6b73,545,0
5c1m,545,0
6o23,546,0
6h02,547,0
6hjy,548,0
6hjx,548,0
6f2g,549,0
6f2w,549,0
7lxw,550,0
5mp6,551,0
5f89,551,0
5usl,552,0
1fai,553,0
2f19,553,0
1fn4,554,0
6pzw,555,0
6pzh,555,0
6oe4,556,0
6oe5,556,0
6woq,557,0
6wor,557,0
1yei,558,0
6svl,558,1
4poz,558,2
5vco,558,2
1yed,558,3
5w6c,559,0
5w6g,559,1
4uu9,560,0
3fku,561,0
6cbv,562,0
6ww2,562,0
6usf,562,0
4aq1,563,0
3pjs,564,0
3eff,564,0
6iw2,566,0
6iw0,566,0
6ivz,566,0
4m5y,567,0
4m5z,567,0
7lqw,568,0
6wj1,569,0
6wj0,569,0
5m2m,570,0
5uqy,571,0
5jrp,571,0
5weq,571,0
4g80,572,0
6ell,573,0
6emj,573,0
6elj,573,0
6ele,573,0
1dqd,573,1
3ijs,574,0
3ikc,574,0
3ijh,574,0
3ijy,574,0
6ir1,575,0
3ojd,576,0
6itq,577,0
6mtp,578,0
6x5e,579,0
5mhs,580,0
6uvo,581,0
6mwn,582,0
6bt3,583,0
3gi8,583,1
3gi9,583,1
5o4o,584,0
5o7p,584,0
6co3,585,0
6cnr,585,0
5wn9,586,0
6u59,587,0
4q2z,588,0
2ymx,589,0
4y5x,590,0
6i8g,591,0
3ln9,592,0
7jxc,593,0
7ljr,593,1
7dzy,594,0
5f1k,595,0
6glx,596,0
5o02,597,0
4zto,598,0
4ztp,598,0
6a67,599,0
3uc0,600,0
3uaj,600,0
6wiy,601,0
6wiz,601,0
7jtf,602,0
6ltg,603,0
6orq,603,1
4nc1,604,0
4nc0,604,0
4nbz,604,0
1u6a,605,0
3hi1,605,0
6nfj,606,0
6cyf,607,0
5gmq,608,0
6n81,609,0
3jbf,610,0
6w05,611,0
1op9,612,0
3eba,612,0
7lop,613,0
7joo,614,0
2fgw,615,0
1fgv,615,0
6o25,616,0
7dx4,616,1
4v1d,617,0
7kc1,618,0
6iea,619,0
6d0x,620,0
6tyl,621,0
6ysq,622,0
6dez,623,0
5eii,624,0
4gft,625,0
4p48,626,0
6dw2,627,0
4qlr,628,0
4kfz,629,0
6w7s,630,0
1i3v,631,0
3ujj,632,0
6m3b,633,0
6zec,634,0
4k7p,635,0
6lbh,636,0
6w73,637,0
6qgy,638,0
6qgx,638,1
6u3z,639,0
6u9u,639,1
5k9k,640,0
5k9j,640,0
6xlq,641,0
4nby,642,0
4nbx,642,0
6n32,643,0
3oay,643,0
6ozc,643,0
3oaz,643,0
6n2x,643,0
7l06,643,0
3ob0,643,0
6msy,643,0
7l02,643,0
6cxl,643,0
6cxg,643,0
6mnf,643,0
6mu3,643,0
3oau,643,0
4rbp,643,0
7l09,643,0
6mub,643,0
2oqj,643,0
6n35,643,0
6wyr,644,0
6d01,645,0
2ai0,646,0
2a1w,646,0
2a77,646,1
6fxn,647,0
5y9k,647,0
5y9j,647,0
4hem,648,0
6mfj,649,0
6mfp,649,0
7k3q,650,0
7k4n,650,0
7k45,650,0
1kxq,651,0
7lm9,652,0
6a0x,653,0
6a0z,653,0
3jcx,654,0
2j5l,655,0
2j4w,655,0
4laj,657,0
4plj,658,0
4plk,658,0
5wko,659,0
6wtu,660,0
6wtv,660,0
5nbd,661,0
5jof,662,0
5jxa,662,0
3se8,662,0
3se9,663,0
6crq,663,0
6vo3,663,0
4i3s,663,0
4i3r,663,0
3h42,664,0
5oca,664,0
1wcb,665,0
1wc7,665,0
2bmk,665,0
3cvh,665,1
3cvi,665,1
6fy0,666,0
6fy2,666,0
6fy1,666,0
2dqu,667,0
2dqt,667,0
2dtm,667,0
7cec,667,1
7cea,667,1
7cn2,668,0
1aqk,669,0
3cfk,670,0
3cfj,670,0
1y0l,670,0
1y18,670,0
1adq,671,0
4u6v,672,0
6u12,673,0
6dba,673,1
6dbg,673,1
6dbf,673,1
6kn9,674,0
7a0v,675,0
7a17,675,0
2aj3,676,0
6vor,677,0
5y9f,678,0
7ndb,679,0
7nd9,679,0
7nda,679,0
4qo1,680,0
6jp7,681,0
6a4k,681,0
2qqn,682,0
2wzp,683,0
2bse,683,0
6vvu,684,0
6p62,685,0
1yee,686,0
1kn2,686,1
1yef,686,1
1yec,686,1
1yej,686,1
1yek,686,1
1yeg,686,1
1kn4,686,1
1yeh,686,1
4toy,687,0
6uqr,688,0
6yxk,689,0
5lmj,690,0
5e94,691,0
4m6o,692,0
1dql,693,0
5ifj,694,0
5ihz,694,0
5ig7,694,0
6cw3,695,0
4xrc,696,0
4xnq,696,0
4gsd,696,0
4xnm,696,0
7lvw,698,0
7lvu,698,0
6n7j,699,0
6n7u,699,0
7ndc,700,0
7ndd,700,0
4yga,701,0
4jn2,702,0
4jn1,702,0
6vry,703,0
6bft,704,0
1bj1,704,0
5mhr,704,1
1cz8,704,2
6uig,705,0
5m2i,706,0
3g6j,707,0
5kzp,708,0
4dgv,708,0
4dgy,708,0
7dss,709,0
4p2c,710,0
2aab,711,0
3rkd,712,0
4rfe,713,0
4rfn,713,0
5fcu,713,0
6cwt,714,0
6anp,715,0
6amm,715,0
6amj,715,0
6ao0,715,0
3iu4,716,0
6ppg,717,0
6n4y,718,0
6n51,718,0
6n50,718,0
6oro,720,0
5mzv,721,0
3n9g,722,0
6lfx,723,0
4ios,724,0
6b0w,725,0
6b0s,725,0
7e23,726,0
6ocd,727,0
1zan,728,0
6fpv,729,0
3qhz,730,0
3qhf,730,0
3lzf,730,0
5d1x,731,0
5d1q,731,0
6db6,732,0
6xul,733,0
6xun,733,0
6mtt,734,0
4z9k,735,0
5hvg,736,0
5hvh,736,0
6vgr,737,0
6s0y,738,0
5tjw,739,0
6zrv,740,0
6glw,741,0
7djz,742,0
6q6z,743,0
5j1s,744,0
5j1t,744,0
6ule,745,0
3p9w,746,0
6cez,748,0
4hfu,749,0
7ntc,750,0
7ll2,751,0
7e7x,753,0
6mvl,754,0
6xrj,755,0
6vtu,755,0
5ggt,756,0
6ii4,757,0
5fcs,758,0
4b50,759,0
7aej,759,0
4dag,760,0
6sf6,761,0
3uji,762,0
5y11,763,0
6bla,764,0
6c5v,764,0
4yue,765,0
6xq4,766,0
3gkw,767,0
6ru5,768,0
6ehg,768,0
6sni,769,0
6snh,769,0
3wkm,770,0
6z1v,771,0
7dq7,772,0
6o3c,773,0
2qsc,774,0
6bsp,775,0
4nc2,776,0
4p49,777,0
5it2,779,0
6tou,780,0
5cws,781,0
1a14,782,0
1nmb,782,0
1nma,782,0
1nmc,782,0
4tnw,783,0
4tnv,783,0
3rif,783,0
3rhw,783,0
3ri5,783,0
3ria,783,0
2xzq,783,1
2y36,783,1
4a6y,783,1
2y07,783,1
2y06,783,1
6p67,783,2
4lvh,784,0
4uv7,784,0
6h71,785,0
6h72,785,0
3q3g,786,0
3qa3,786,0
6j11,786,1
2gki,786,2
5i0z,786,2
4kuz,786,3
3qcu,787,0
3qct,787,0
3qcv,787,0
1a6w,787,1
1nqb,787,1
1a6u,787,1
1ngq,787,1
1ngp,787,1
1a6v,787,1
6vyh,787,2
6wik,787,2
1q9w,788,0
1q9o,788,0
7lcn,789,0
6uda,790,0
5f9w,790,1
6pec,791,0
5xbm,792,0
6gjq,793,0
6sxi,794,0
3ncy,794,1
6ek2,794,2
2gsi,795,0
6rps,796,0
3phq,796,1
3pho,796,1
5b3j,797,0
6and,797,1
7czq,798,0
6ea5,799,0
6ea7,799,0
6dzn,799,0
6dzl,799,0
6dzm,799,0
6xw4,800,0
6gk7,801,0
6dcw,801,0
6dcv,801,0
2iqa,802,0
2iq9,802,0
2r0w,802,0
2ipu,802,1
2r0z,802,1
3eyu,802,1
3eys,802,1
2ipt,802,1
3tnm,803,0
4ybl,803,0
4yc2,803,0
6nmr,804,0
6xq2,805,0
2qr0,806,0
4pd4,806,1
1kyo,806,1
3cxh,806,1
2ibz,806,1
1ezv,806,1
1kb9,806,1
3cx5,806,1
1p84,806,1
4jfy,806,2
4jfz,806,2
4jg1,806,2
4jfx,806,2
4jg0,806,2
1i8i,806,2
1i8k,806,2
6vi4,807,0
5te7,808,0
5te6,808,0
5te4,808,0
4x80,809,0
4mhh,809,1
6yxl,810,0
3kdm,811,0
4n90,811,1
6a76,812,0
6a77,812,0
6a78,812,0
6a79,812,1
3g6d,813,0
3g6a,813,0
7kn6,814,0
6mqr,815,0
6pds,815,1
6hkg,816,0
6hjq,816,0
6hjp,816,0
5k9o,817,0
6me1,818,0
6uce,818,0
6nc3,818,0
5i8c,818,0
5i8e,818,0
6ucf,818,0
4jpw,819,0
6vrq,819,1
7jlk,820,0
1hys,822,0
1j5o,822,0
1n6q,822,0
7kbo,822,0
3klh,822,0
6vug,822,0
1n5y,822,0
7kbm,822,0
1t03,822,0
1r0a,822,0
2hmi,822,0
6mjz,823,0
1xiw,824,0
6kr0,824,0
1mcp,824,1
2mcp,824,1
2osl,824,2
6y90,824,2
6vja,824,2
4kaq,824,2
3ivk,825,0
6db9,825,0
4kze,825,0
6x5m,825,0
4q9q,825,0
6x5n,825,0
6b14,825,0
4q9r,825,0
4kzd,825,0
6b3k,825,0
6db8,825,0
5ds8,826,0
5dub,826,0
5dtf,826,0
4qti,827,0
4qth,827,0
5da4,828,0
5da0,828,0
4uao,829,0
4uim,829,1
4uin,829,1
4uil,829,2
4uik,829,2
5wym,830,0
6xey,830,1
5w9i,831,0
5w9h,831,0
5w9j,831,0
5w9o,831,0
5w9m,831,0
5vzr,831,0
5w9p,831,0
5w9l,831,0
5w9k,831,0
4zfo,831,1
3vrl,832,0
2gjj,832,1
6j71,832,1
3h3b,832,1
7nd7,833,0
7beh,833,0
4qhl,834,0
4qhm,834,0
6vpy,834,0
4jam,834,1
4jan,834,1
4qhn,834,1
4qhk,834,2
3fo0,835,0
2gjz,835,0
2gk0,835,0
3fo1,835,0
3fo2,835,0
5m95,836,0
5m94,836,0
4z0b,837,0
6h3t,837,1
5hm1,837,2
7my3,838,0
5voc,839,0
5vob,839,0
6fn4,840,0
6fn1,840,0
6qex,840,0
6qee,840,0
5jue,840,0
6s8j,841,0
4qnp,842,0
5ijk,843,0
5ik3,843,0
6uta,844,0
4qf1,844,1
5vic,844,2
7dc8,845,0
1lmk,846,0
6wzt,847,0
5b71,848,0
6ii9,849,0
6ute,850,0
3ifp,851,0
4ocm,852,0
4ocn,852,0
4ocl,852,0
2zch,853,0
2zcl,853,0
2zck,853,0
7cbp,854,0
4uta,854,1
5lbs,854,1
6fax,855,0
6tkb,855,0
6tke,855,0
6tkc,855,0
6tkd,855,0
6tkf,855,0
7k76,856,0
7k75,856,0
6mhr,857,0
7czz,858,0
7czy,858,0
5dqj,859,0
5dqd,859,0
5dq9,859,1
4ods,859,1
1qfu,860,0
1bz7,861,0
1r24,861,0
1qok,861,1
6ubi,862,0
7ke1,863,0
7ket,863,0
4f15,864,0
6kvf,865,0
6apc,865,1
5nyx,866,0
5o1r,866,0
5vk2,867,0
6p95,867,1
5j3d,868,0
5itb,868,0
6yye,869,0
3w9d,870,0
3w9e,870,0
7c94,871,0
7c95,871,0
4dke,872,0
4wem,873,0
4wen,873,1
5gjs,874,0
5gjt,874,0
2j6e,875,0
5mo3,876,0
5mth,876,0
5mp5,876,0
5mp1,876,0
5mx3,876,0
5muq,876,0
5mvj,876,0
5mp3,876,0
4q6i,876,1
4f9l,876,2
6vkn,877,0
2vwe,878,0
3vw3,878,1
6idh,878,1
6idg,878,1
6kdh,878,1
6kdi,878,1
6p4y,878,2
6p50,878,2
6ani,878,3
4ogy,879,0
4ogx,879,0
4pub,879,0
6kz0,880,0
5nqw,881,0
1ibg,882,0
5ivo,883,0
5ivn,883,0
7lcv,885,0
4py8,886,0
4py7,886,0
7bnp,887,0
6xoc,888,0
5tlj,889,0
5tl5,889,0
5tlk,889,0
5xli,889,1
5xjm,889,1
6jod,889,1
6n5e,889,2
5jqd,890,0
5jo4,890,0
1fbi,890,1
5kvd,890,2
6n5b,891,0
7kbt,892,0
4ki5,892,0
5myk,893,0
5my4,893,0
5drn,894,0
5dsc,894,0
1tzh,895,0
7cho,896,0
5fuo,897,0
5fuz,897,0
6plk,898,0
4lhj,899,0
4c57,900,0
5y80,900,0
5y7z,900,0
6s8d,901,0
5i5k,902,0
7l2e,903,0
5ktz,904,0
5kwl,904,0
5ku0,904,0
5ku2,904,1
7b27,905,0
6aj9,906,0
3mck,907,0
6wn1,908,0
2ykl,909,0
2yk1,909,0
6oed,910,0
6ofi,910,0
4hzl,911,0
4u0r,912,0
5mi0,912,0
6x05,913,0
4ydi,915,0
6x78,916,0
4r90,917,0
5ush,918,0
1kxv,919,0
4u1g,920,0
6xdg,921,0
5j75,921,1
5j74,921,1
4lsu,922,0
6cxy,923,0
7k66,923,1
5nmv,923,2
1igc,923,3
4kvc,923,4
7akd,924,0
7akj,924,0
3k81,925,0
5f96,926,0
5f9o,926,0
4r9y,927,0
4r97,927,0
2ntf,927,1
2op4,927,1
5xmh,928,0
5ur8,929,0
5o14,929,0
6qgw,930,0
4lsq,931,0
4lsr,931,0
4lsp,931,0
6h3u,932,0
5lqb,932,1
5xaj,933,0
4xi5,934,0
1w72,934,1
6gg0,935,0
7kew,936,0
5jym,937,0
7m3i,938,0
3ifo,940,0
4odw,941,0
4odv,941,0
2x1o,942,0
4edw,943,0
4edx,943,1
1dvf,944,0
5t5f,945,0
6ye3,946,0
6hxw,946,1
7ll1,947,0
7dun,948,0
7duo,948,0
3jbg,949,0
6n4r,950,0
6n4q,950,0
3efd,951,0
3o2d,952,0
3kr3,954,0
6pis,955,0
5l6y,956,0
6xkq,957,0
2xra,958,0
7jr7,959,0
4hs8,960,0
6r8x,961,0
3k7u,962,0
3bky,963,0
7jkt,964,0
6yio,965,0
6blh,966,0
5h35,967,0
5jq6,967,1
4m7k,968,0
5w06,968,0
5w05,968,0
4m7l,968,0
4s1d,968,1
6ddv,968,2
6p91,969,0
6u8k,970,0
6u8d,970,1
3i02,971,0
2fr4,972,0
1xf4,972,0
1xf2,972,0
1p7k,972,0
1i8m,972,0
1xf3,972,0
6mxs,972,1
6my5,972,1
6my4,972,2
6mxr,972,2
6lz9,972,3
6wfx,973,0
1qfw,974,0
3v7a,975,0
4j8r,975,1
7dc7,976,0
5chn,977,0
5dmi,978,0
6yxm,979,0
5j13,980,0
6nmt,981,0
5vf6,981,1
3sdy,982,0
6u6m,983,0
6u6o,984,0
1bfo,985,0
1ce1,985,1
1bey,985,1
5vl7,986,0
7cmv,988,0
7e32,988,0
6oij,988,0
6xbm,988,0
6pt0,988,0
6wha,988,0
7aue,988,0
6lfo,988,0
6qnk,988,0
6dde,988,0
7cmu,988,0
7e9h,988,0
6wwz,988,0
6xbk,988,0
6xbl,988,0
7jvr,988,0
6oik,988,0
6qno,988,0
7dfl,988,0
6vms,988,0
7o7f,988,0
7e33,988,0
7l1u,988,0
6omm,988,0
6n4b,988,0
6lfm,988,0
6k42,988,0
6xbj,988,0
7d77,988,0
6kpg,988,0
7l1v,988,0
6crk,988,0
6lml,988,0
6os9,988,0
6kpf,988,0
6k41,988,0
7e9g,988,0
7eb2,988,0
7kex,989,0
7kpb,990,0
4yr6,992,0
5hbt,993,0
5hbv,993,0
4lde,994,0
4ldo,994,0
6h7n,994,0
6n48,994,0
4qkx,994,0
4ldl,994,0
6h7m,994,0
7bu6,994,0
7bts,994,0
6h7l,994,0
6h7o,994,0
7bu7,994,0
6x1s,995,0
6x1t,995,1
1il1,996,0
5lmw,997,0
6gzp,997,0
4evn,998,0
6uyn,998,0
3gbm,998,0
3gbn,998,0
5c0s,998,0
5wkz,998,1
7n0g,999,0
7n0h,999,0
7kgj,999,0
2uud,1000,0
6n5d,1000,1
3kj4,1000,2
7bnw,1001,0
6p8n,1002,0
6ol7,1002,0
6myy,1002,0
4jpk,1002,0
6mft,1002,0
6mzj,1002,0
7jln,1002,0
6p8m,1002,1
5kzc,1002,2
3ngb,1002,2
4lss,1002,2
6v8x,1002,2
6vi0,1002,2
4lst,1002,2
6vlw,1002,2
4jpi,1002,3
5tgb,1003,0
6zdg,1007,0
7nx7,1007,0
7nx6,1007,0
6zfo,1007,0
6zdh,1007,0
6zer,1007,0
7nxb,1007,0
7nxa,1007,0
7nx8,1007,0
7nx9,1007,0
6war,1008,0
3bgf,1009,0
7n0r,1010,0
6mhg,1011,0
6mb3,1011,0
6axk,1011,0
1vge,1012,0
5wtg,1013,0
5wth,1013,0
5zud,1013,0
6jht,1013,1
6gv4,1013,3
6z1z,1014,0
6z20,1014,0
4nkm,1015,0
4x0k,1015,0
3nn8,1015,0
4nkd,1015,0
7ki6,1015,1
3vfg,1015,2
6dzv,1016,0
6d9g,1016,0
6dzz,1016,0
6n16,1017,0
6w00,1018,0
6wg2,1018,0
7jks,1019,0
1bzq,1020,0
2p49,1020,0
2p48,1020,0
2p46,1020,0
2p47,1020,0
2p44,1020,0
2p42,1020,0
2p45,1020,0
2p43,1020,0
4ppt,1020,1
3qsk,1020,2
4poy,1020,3
4pou,1020,3
6niu,1021,0
6mty,1021,0
7lud,1022,0
7lue,1022,0
6tcs,1023,0
6tcp,1023,0
6tcn,1023,0
6tco,1023,0
5g64,1023,0
5hys,1023,0
6tcr,1023,0
2xa8,1023,0
6tcq,1023,0
4x7t,1023,0
4x7s,1023,0
6tcm,1023,0
5wk2,1024,0
5wk3,1024,0
5o05,1025,0
6gwn,1026,0
6gwp,1026,0
7aqg,1026,0
4zso,1027,0
6h0e,1028,0
5v7u,1028,0
6h06,1028,0
6oc8,1029,0
6mqs,1030,0
6p60,1031,0
4weu,1032,0
5otj,1033,0
4zs6,1035,0
6id4,1036,0
5v6l,1037,0
6b5o,1038,0
6b5n,1038,0
6b5m,1038,0
6b5l,1038,0
6p9h,1039,0
4yhy,1042,0
4yhp,1042,0
5m7q,1043,0
1qlr,1044,0
1dn0,1044,0
7jvd,1045,0
5bk5,1046,0
6azx,1046,1
5bk0,1046,1
6pzz,1047,0
6pzg,1047,0
1mnu,1048,0
1mpa,1048,0
2mpa,1048,0
1moe,1049,0
1j05,1049,0
7l2c,1050,0
4yqx,1051,0
5yhl,1052,0
5yfi,1052,0
5ywy,1052,0
1dsf,1053,0
6oao,1054,0
5npj,1054,1
5nph,1054,1
5npi,1054,1
5f72,1055,0
3ezj,1056,0
7dr4,1057,0
6xqw,1058,0
4rgo,1059,0
4rgn,1059,0
7ki4,1060,0
7ec5,1060,1
6z2l,1060,2
6hd9,1061,0
6hdb,1061,0
6swr,1061,0
6hdc,1061,0
6hd8,1061,0
6hda,1061,0
6z3p,1062,0
3ulu,1063,0
3ulv,1063,0
3nab,1063,0
3na9,1063,0
3nac,1063,1
3naa,1063,1
3ncj,1063,1
2ap2,1064,0
1ap2,1064,0
1mvu,1064,1
4nm8,1065,0
4nm4,1065,0
4u3x,1066,0
4pgj,1066,0
2g5b,1067,0
7cwt,1068,0
7cwu,1068,0
7cws,1068,0
7d4g,1068,0
6gku,1069,0
6x7w,1070,0
7d85,1071,0
1iqw,1072,0
1it9,1072,0
1dbk,1072,1
1dbm,1072,1
1dbb,1072,1
1dbj,1072,1
2dbl,1072,1
1dba,1072,1
1jrh,1073,0
5kel,1075,0
5ken,1075,0
6x4t,1076,0
6b3m,1077,0
4rgm,1078,0
7kq7,1079,0
6urm,1080,0
4j6r,1081,0
6u50,1082,0
6u51,1082,0
6u52,1082,0
4x7c,1083,0
4x7d,1083,0
4x7e,1083,0
5o04,1083,0
7kfv,1084,0
7kfx,1084,0
7kfw,1084,0
7kfy,1084,0
6z7w,1085,0
4k2u,1086,0
4rfo,1087,0
5kjr,1087,0
4wuu,1088,0
3g04,1089,0
3v4v,1090,0
3v4p,1090,0
5anm,1091,0
6att,1092,0
3ma9,1093,0
3mac,1093,0
4kht,1093,0
4khx,1093,0
6xcj,1094,0
3v0a,1095,0
4nj9,1096,0
4nja,1096,1
4kuc,1097,0
6ze1,1098,0
2h32,1099,0
4fqh,1099,1
5cjq,1099,1
5cjs,1099,1
6cnv,1099,1
5wl2,1099,1
4fqi,1099,1
4nzt,1099,1
4od2,1100,0
6jhr,1101,0
5ja8,1102,0
4zd3,1103,0
6vca,1104,0
6wh9,1104,1
6h7j,1105,0
6ibl,1105,0
3p0g,1105,0
4jj5,1106,0
4isv,1106,0
6qd7,1107,0
6qcu,1107,0
2p4a,1108,0
6iek,1109,0
4d9l,1110,0
4tqe,1111,0
4tpr,1111,0
5x8m,1112,0
5xj4,1112,0
5v2a,1112,1
4m3k,1113,0
4m3j,1113,0
6ehy,1114,0
6ehw,1114,0
6ehx,1114,0
6obg,1115,0
6gju,1116,0
6obo,1117,0
6obm,1117,1
7czp,1118,0
5tq2,1119,0
5tpw,1119,0
5tq0,1119,0
5vr9,1119,1
5vsi,1119,1
3c08,1119,1
3c09,1119,2
3dv4,1120,0
3dus,1120,0
3duu,1120,0
3dv6,1120,0
3nz8,1120,1
3dur,1120,2
1iai,1120,3
4i77,1120,4
3fmg,1121,0
3zdz,1122,0
2vdq,1122,0
2vdk,1122,0
2vdp,1122,0
3t3p,1122,0
3ze1,1122,0
2vdr,1122,0
4z7q,1122,0
4z7n,1122,0
2vdl,1122,0
3zdx,1122,0
4z7o,1122,0
3nig,1122,0
3zdy,1122,0
3ze2,1122,0
2vc2,1122,0
5hdb,1122,0
2vdn,1122,0
3nif,1122,0
3nid,1122,0
3t3m,1122,0
3ze0,1122,0
2vdm,1122,0
2vdo,1122,0
6bzv,1122,1
5vcn,1122,2
1sbs,1122,3
1rjl,1122,4
6lcs,1122,5
5b4m,1123,0
6ad0,1124,0
6w52,1125,0
6w5d,1125,0
6p7h,1126,0
1hez,1127,0
1dee,1127,0
5nbi,1128,0
4nko,1128,1
1kfa,1129,0
5vpg,1130,0
5vpl,1130,0
5vph,1130,0
3rvt,1130,0
3rvu,1130,0
6zpl,1131,0
6zbv,1131,0
6bqb,1132,0
4dtg,1133,0
5lhr,1134,0
6i8s,1135,0
2fjh,1136,0
7my2,1137,0
6wn4,1138,0
6wt3,1138,0
6tej,1140,0
6nis,1141,0
6nip,1141,0
6mtx,1141,0
7c8w,1142,0
7can,1142,1
6rtw,1143,0
6rty,1143,0
5o4g,1144,0
4nyl,1145,0
6cr1,1145,0
3wd5,1145,0
6hhc,1146,1
4zs7,1147,0
6mlk,1148,0
5mje,1149,0
3w2d,1150,0
7a4t,1151,0
5hvf,1153,0
6wg0,1154,0
1c12,1155,0
3tpk,1156,0
7ean,1157,0
5b3n,1158,0
1zv5,1159,0
6pv7,1160,0
6pv8,1160,0
1h0d,1160,1
3ldb,1161,0
3ld8,1161,0
6jhs,1161,1
6gk8,1162,0
5zv3,1162,0
6jhq,1163,0
6i6j,1164,0
6otc,1165,0
5occ,1166,0
7cr5,1167,0
1igm,1168,0
7m8j,1169,0
1osp,1170,0
4yhz,1171,0
6oan,1172,0
7azb,1173,0
8fab,1174,0
2r56,1175,0
4ky1,1176,0
7kcr,1177,0
5vag,1179,0
6dsi,1180,0
5jyl,1180,1
4bz2,1180,2
6vjt,1181,0
4lmq,1182,0
5aze,1183,0
7o9s,1184,0
1ol0,1185,0
6was,1186,0
7eam,1187,0
6w51,1187,1
6ymq,1188,0
6dn0,1189,0
4x4x,1189,0
1fvd,1189,0
6b9z,1189,1
3b9v,1189,1
5xhg,1189,1
5xhf,1189,1
6bi2,1189,1
4hkz,1189,1
7kbp,1189,1
6bhz,1189,1
6bi0,1189,1
4ioi,1189,1
1fve,1189,1
1n8z,1189,1
5u3d,1189,1
5tdn,1189,1
6bae,1189,1
5tdo,1189,1
6b9y,1189,1
6bgt,1189,1
5u5f,1189,1
4hjg,1189,1
1fvc,1189,1
5u6a,1189,1
6mh2,1189,1
3bdy,1189,1
6oge,1189,1
5u5m,1189,1
6bah,1189,1
5tdp,1189,1
4ub0,1189,1
3be1,1189,1
4dkf,1189,2
6o28,1190,0
6o2a,1190,0
6o2b,1190,0
6o29,1190,0
6o2c,1190,0
3b2u,1191,0
6b3s,1191,0
3b2v,1191,0
4hij,1192,0
4hii,1192,0
4hih,1192,0
4hie,1192,0
6x04,1193,0
2fjf,1194,0
3auv,1194,0
4zfg,1194,0
4zff,1194,0
2fjg,1194,0
5vxr,1196,0
2jb6,1197,0
2jb5,1197,0
7k93,1198,0
6weq,1198,0
6wer,1198,0
4g5z,1198,1
5bvp,1198,1
5bvj,1198,1
4g6j,1198,1
2fl5,1199,0
5xcu,1200,0
5xcs,1200,0
1frg,1200,1
1ct8,1200,2
1him,1200,3
1ifh,1200,3
1hil,1200,3
1hin,1200,3
4kv5,1201,0
4kxz,1201,0
3eo1,1201,0
3eo0,1201,0
6m58,1202,0
1afv,1203,0
7mjk,1203,1
7mjj,1203,1
7mjl,1203,1
6pyd,1203,2
7ch5,1203,3
7k8n,1203,3
7k8m,1203,3
6u36,1203,4
6u38,1203,4
2ok0,1203,5
2ojz,1203,5
3ks0,1203,6
7cac,1204,0
7cak,1204,0
7cwn,1204,0
7cai,1204,0
7cah,1204,0
4pir,1205,0
5zia,1206,0
5f3j,1207,0
5cd3,1208,0
5cd5,1208,0
3nh7,1209,0
5nuz,1210,0
1q9l,1211,0
3t77,1211,0
3t4y,1211,0
2r1w,1211,0
3t65,1211,0
4hgw,1211,0
2r2e,1211,0
2r2h,1211,0
2r1x,1211,0
2r23,1211,0
2r1y,1211,0
3sy0,1211,0
2r2b,1211,0
1q9k,1211,0
3bpc,1211,0
3okd,1211,1
3okn,1211,1
3okl,1211,1
3okm,1211,1
3oke,1211,1
3oko,1211,1
3okk,1211,1
7bsd,1212,0
7bsc,1212,0
4lvn,1213,0
4lvo,1213,0
1nfd,1214,0
4ht1,1215,0
6avn,1216,0
7klg,1218,0
7kml,1218,0
7kmk,1218,0
7klh,1218,0
7cyp,1219,0
7cyh,1219,0
5utz,1220,0
6ejg,1221,0
5dfv,1221,0
3cfd,1222,0
3cfe,1222,0
4hg4,1223,0
7dfp,1224,0
7jv2,1225,0
7jv4,1225,0
7jv6,1225,0
7lse,1226,0
7lsg,1226,0
7lsf,1226,0
5ocx,1227,0
5ock,1227,0
5od0,1227,0
5ocy,1227,0
6a9k,1228,0
6igu,1228,0
5b8c,1228,1
5ggs,1228,1
5dk3,1228,1
5jxe,1228,1
1nc4,1229,0
1nc2,1229,0
7ldd,1230,0
7lde,1230,0
7lkf,1231,0
7lkh,1231,0
1ken,1231,1
6n6b,1231,2
3hi6,1232,0
3hi5,1232,0
6wqo,1233,0
5xcx,1234,0
7ceb,1234,0
7nwl,1234,0
6ban,1235,0
6ba5,1235,0
6dzt,1236,0
7k5x,1236,0
7k61,1236,0
7k5y,1236,0
7k63,1236,0
6e0c,1236,0
7k60,1236,0
3d69,1237,0
1nl0,1237,0
4rau,1238,0
1igt,1238,1
6lhq,1238,2
4dgi,1238,3
4ma7,1238,3
4ma8,1238,3
4yx2,1238,3
4yxk,1238,3
4yxh,1238,3
4yxl,1238,3
4h88,1238,3
5ezl,1238,4
5ezo,1238,4
5ezi,1238,4
5ezj,1238,4
5l0q,1238,5
5eoq,1238,6
6iap,1238,7
6ias,1238,7
4hfw,1239,0
6ni2,1240,0
6pwc,1240,0
4jqi,1240,0
6u1n,1240,0
6tko,1240,0
6tul,1241,0
6ss0,1241,0
6ss6,1241,0
6srx,1241,0
6srv,1241,0
6ss2,1241,0
6ss4,1241,0
6ss5,1241,0
1ob1,1242,0
3l7f,1243,0
3l7e,1243,0
3l5x,1243,0
3l5w,1243,0
3mbx,1243,0
4ps4,1243,1
4m61,1244,0
3cle,1244,1
3clf,1244,1
6rco,1245,0
4cdg,1246,0
6oy4,1247,0
6b0h,1248,0
1svz,1249,0
1n4x,1249,0
1cl7,1249,0
1jp5,1249,0
4hlz,1250,0
5c0r,1250,0
6obe,1251,0
4qci,1252,0
6ztr,1253,0
6ztf,1253,0
1e6j,1254,0
1e6o,1254,0
4gms,1255,0
4gmt,1255,0
4aei,1255,1
6j5f,1256,0
6j5d,1256,0
6j5g,1256,0
7dcc,1257,0
5dur,1258,0
3raj,1260,0
5tz2,1261,0
6k7o,1262,0
5o6v,1263,0
1ncd,1264,0
1nca,1264,0
1ncb,1264,0
1ncc,1264,0
1yjd,1265,0
1acy,1266,0
1ai1,1266,0
7kjh,1268,0
7c01,1269,0
4lgr,1271,0
4s2s,1272,0
6shg,1272,0
5hdq,1273,0
6o3b,1274,0
6dkj,1275,0
6o26,1276,0
6vjn,1277,0
7lka,1278,0
7lk9,1278,0
6i2g,1279,0
6bpa,1280,0
4r4b,1281,0
4r4h,1281,0
4r4n,1281,0
4r4f,1281,0
5mwn,1282,0
5m30,1282,0
5m2w,1282,0
4hdi,1283,0
2h1p,1283,0
4hc1,1284,0
1ejo,1284,1
5grj,1285,0
4nki,1285,0
7bm5,1286,0
5omm,1287,0
7ej5,1288,0
7deu,1288,1
7nd3,1289,0
6wm9,1290,0
6wno,1290,1
1ehl,1291,0
1keg,1291,0
7deo,1294,0
12e8,1295,0
4jzj,1296,0
5jqh,1297,0
5lsp,1298,0
3pgf,1299,0
7l6m,1300,0
7lua,1300,0
4xgz,1301,0
1tzi,1301,1
1pg7,1302,0
2h9g,1303,0
3dvg,1304,0
3dvn,1304,0
6mns,1305,0
6mnr,1305,0
3u9p,1306,0
1c5d,1308,0
2adj,1308,1
2adg,1308,1
2adi,1308,1
6b08,1309,0
6azz,1309,0
3ubx,1310,0
5xhv,1311,0
5ubz,1312,0
6fbj,1313,0
6t3f,1314,0
7obf,1315,0
4ouo,1316,0
6v80,1317,0
5vig,1318,0
6phf,1319,0
5x8l,1320,0
5xxy,1320,0
5uby,1320,1
6oz3,1321,0
1fpt,1322,0
7chz,1323,0
7chy,1323,0
6kva,1324,0
1sjx,1325,0
6j15,1328,0
6gfe,1330,0
3kym,1331,0
3kyk,1331,0
6j14,1331,1
6vc9,1332,0
2aeq,1333,0
2aep,1333,0
6o3a,1334,0
5fha,1336,0
3gk8,1337,0
6o39,1339,0
1a5f,1340,0
6df0,1341,0
6df1,1341,1
6df2,1341,1
5wb9,1342,0
6obc,1343,0
5t33,1344,0
7kzb,1345,0
6yhq,1346,0
6rlm,1347,0
4etq,1348,0
4ebq,1348,0
3jau,1348,1
5y9c,1348,2
6qfc,1349,0
5mev,1349,0
6qf6,1349,0
6qf9,1349,0
6qb9,1349,0
6qb4,1349,0
6qb3,1349,0
6qb6,1349,0
5mes,1349,0
6qbc,1349,0
6z3k,1350,0
6z3q,1350,0
6vep,1351,0
4oga,1351,0
5j3h,1351,0
3w11,1351,0
6veq,1351,0
3w13,1351,0
4zxb,1351,0
3w12,1351,0
6yla,1352,0
6zlr,1352,0
6xc3,1352,0
6w41,1352,0
7a5r,1352,0
7kza,1352,0
6ym0,1352,0
7jn5,1352,0
6yor,1352,0
6w7y,1352,0
6xc7,1352,0
7a5s,1352,0
7m6d,1352,0
4yhk,1353,0
4yhi,1353,0
4ygv,1353,0
4yhm,1353,0
4yhl,1353,0
5xcv,1353,1
6icc,1353,1
6al1,1353,1
7cqd,1353,1
4yo0,1353,1
6icf,1353,1
7cqc,1353,1
4yny,1353,1
6al0,1353,1
7km6,1353,2
4yhn,1353,3
4yho,1353,3
6wjl,1353,4
6elu,1354,0
6flb,1354,1
6fla,1354,1
4lqf,1354,2
7bxa,1355,0
7cgw,1355,0
43c9,1356,0
43ca,1356,0
4xvu,1357,0
4xwo,1357,0
4xtr,1357,0
5i16,1358,0
5i1a,1358,0
5i17,1358,0
5i19,1358,0
5i1g,1358,0
5i1l,1358,0
5i1c,1358,0
5i1d,1358,0
5i15,1358,0
4dn3,1358,0
5i1h,1358,0
5i18,1358,0
5i1j,1358,0
4dn4,1358,0
5i1i,1358,0
5i1e,1358,0
5i1k,1358,0
4kmt,1358,0
5d8j,1359,0
1a6t,1359,1
1nd0,1360,0
1rum,1360,0
1ruk,1360,0
1rup,1360,0
1ncw,1360,0
1rul,1360,0
1rua,1360,0
1ru9,1360,0
4llu,1361,0
5vsh,1361,0
4llw,1361,0
1s78,1361,0
1l7i,1361,0
4lly,1361,0
7a6e,1362,0
7a6f,1362,0
1bln,1362,0
7a65,1362,0
7a6c,1362,0
7a69,1362,0
4m48,1363,0
4xpt,1363,0
4xp5,1363,0
4xp9,1363,0
4xpa,1363,0
4xpb,1363,0
4xp6,1363,0
4xnu,1363,0
4xp1,1363,0
4xpf,1363,0
4xnx,1363,0
4xph,1363,0
4xp4,1363,0
6m2r,1363,0
6m3z,1363,0
6m38,1363,0
6m47,1363,0
6m0z,1363,0
6m0f,1363,0
4kq4,1363,1
1mj8,1364,0
1mh5,1364,1
6cnj,1366,0
6cnk,1366,0
7cwl,1367,0
7cwm,1367,0
7cwo,1367,0
5vxj,1368,0
4jpv,1369,0
5v8m,1369,0
4lsv,1369,0
3rpi,1369,1
4gw4,1369,1
1lo2,1370,0
1lo3,1370,0
1lo0,1370,0
7jvc,1371,0
7jxd,1371,0
7jva,1371,0
5dhy,1372,0
2x7l,1372,0
5dhx,1372,0
5dhz,1372,0
5dhv,1372,0
6cf2,1372,0
6hco,1373,0
6eti,1373,0
7nfd,1373,0
5nj3,1373,0
7neq,1373,0
5niv,1373,0
5njg,1373,0
6feq,1373,0
7nez,1373,0
6k0y,1374,0
7k8r,1375,0
7k8z,1375,0
5epm,1376,0
7l5j,1377,0
4ncc,1377,0
5jhl,1377,1
5ado,1378,0
6y1m,1378,0
2xzc,1378,0
6y49,1378,0
6y1k,1378,0
5tjd,1378,0
3zl4,1378,0
2xza,1378,0
5adp,1378,0
6y1l,1378,0
4w2p,1379,0
4w2q,1379,0
2ajz,1380,0
2ajv,1380,0
2aju,1380,0
2ajx,1380,0
2ajy,1380,0
2ajs,1380,0
2ak1,1380,0
5yd3,1380,1
5yd5,1380,1
5yd4,1380,1
5yy4,1380,1
1qbm,1380,2
1wej,1380,2
1qbl,1380,2
3l95,1381,0
4h8w,1382,0
5w4l,1382,0
3tnn,1382,0
2jix,1382,1
5k8a,1383,0
3qwo,1383,0
4jlr,1383,0
3ixt,1383,0
6ywd,1383,0
5fec,1384,0
5f7e,1384,0
5iwl,1385,1
3hae,1386,0
3gjf,1386,0
3gje,1386,0
7ch4,1386,1
5nlu,1387,0
5nml,1387,0
5nm0,1387,0
5nlw,1387,0
1igj,1388,0
1igi,1388,0
1plg,1388,1
3wbd,1388,1
4bz1,1388,2
6pxr,1389,0
1fl6,1389,1
1fl5,1389,1
2ck0,1389,2
3ck0,1389,2
1ck0,1389,2
1kel,1389,3
1kem,1389,3
4am0,1389,4
4al8,1389,4
4ala,1389,4
4np4,1390,0
5i73,1391,0
6vrh,1391,0
6vrk,1391,0
6awq,1391,0
6awn,1391,0
6awo,1391,0
6w2b,1391,0
5i74,1391,0
5i71,1391,0
5i6x,1391,0
5i66,1391,0
5i75,1391,0
6vrl,1391,0
5i6z,1391,0
6awp,1391,0
2igf,1392,0
1igf,1392,0
4gqp,1393,0
4laq,1393,0
4las,1393,0
3gkz,1393,0
3gm0,1393,0
4lar,1393,0
6eyn,1394,0
6eyo,1394,0
6iec,1395,0
4jzo,1396,0
5erw,1396,0
5esa,1396,0
6x9x,1396,0
4jzn,1396,0
4z0x,1396,0
1clo,1397,0
1ad0,1397,0
7e88,1397,1
6z7y,1397,2
6z7z,1397,2
6z7x,1397,2
1cic,1397,3
3o41,1398,0
6ywc,1398,0
6vtw,1398,0
3qq9,1398,0
3qrg,1398,0
3o45,1398,0
1f11,1398,1
4dcq,1399,0
3s96,1399,1
1jnh,1400,0
1jn6,1400,0
4pb0,1401,0
3u30,1402,0
7ly3,1403,0
7ly0,1403,0
4m93,1404,0
6c5h,1404,0
6c5j,1404,0
4m7z,1404,0
6c5k,1404,0
4ma1,1404,0
4m7j,1404,0
6c5i,1404,0
6pk8,1405,0
6pil,1405,0
6psc,1405,0
4hbc,1405,0
6j7w,1406,0
4r96,1407,0
4f33,1408,0
4f3f,1408,0
6mnq,1408,1
6lkt,1408,2
1bfv,1409,0
1cfv,1409,0
2bfv,1409,0
3qpq,1410,0
5ea0,1411,0
35c8,1412,0
25c8,1412,0
15c8,1412,0
3wih,1413,0
3wii,1413,0
4rrp,1414,0
5uea,1414,0
6az2,1414,0
2gfb,1415,0
1kno,1415,0
3s88,1416,0
3ve0,1416,0
1uwg,1416,1
1uwe,1416,1
7kr5,1416,2
4ojf,1417,0
4hix,1417,0
4ong,1417,0
4onf,1417,0
1rfd,1418,0
1qyg,1418,0
1riv,1418,0
1q72,1418,0
1riu,1418,0
1aif,1419,0
2uyl,1421,0
6e63,1422,0
6e64,1422,0
6e65,1422,0
6e62,1422,0
6h5n,1422,0
6ion,1422,1
6dfi,1423,0
6dfj,1423,0
2b2x,1424,0
3eot,1424,0
1mhp,1424,0
6wg1,1425,0
6wfz,1425,0
4i2x,1426,0
3dif,1426,0
6dca,1426,1
3tt3,1426,2
6h16,1427,0
6tys,1428,0
6u1t,1428,0
6xli,1428,1
7dnh,1429,0
5grx,1430,0
5grz,1430,0
5gs1,1430,0
5gry,1430,0
5grv,1430,0
2v7n,1430,0
5gs3,1430,0
5grw,1430,0
7m7b,1431,0
7kqe,1431,0
4xt1,1432,0
5wb1,1432,0
4gay,1433,0
4gag,1433,0
4g6a,1433,0
4gaj,1433,0
4hs6,1433,1
7dnl,1434,0
4k9e,1434,1
4k94,1434,1
6m87,1435,0
5wtt,1436,0
6c08,1437,0
7kgv,1437,0
4o02,1437,1
6c6y,1438,0
6c6x,1438,0
6x3w,1439,0
6x3t,1439,0
6d6u,1439,0
6x40,1439,0
6x3u,1439,0
6x3s,1439,0
6x3v,1439,0
6x3x,1439,0
6d6t,1439,0
6x3z,1439,0
4dw2,1439,1
4dvb,1439,1
3esv,1439,2
3etb,1439,2
3esu,1439,2
3et9,1439,2
1uj3,1439,3
3pp3,1440,0
6y9a,1440,0
3pp4,1440,0
6y97,1440,0
6xca,1441,0
6xcn,1441,0
6xcm,1441,0
1fig,1442,0
6yxf,1443,0
6yxd,1443,0
5lx9,1443,0
5lxg,1443,0
6ks1,1443,0
5lxa,1443,0
6yxg,1443,0
6krz,1443,0
6ks0,1443,0
5lwy,1443,0
6yx9,1443,0
1cbv,1443,1
1nbv,1443,1
4c83,1443,2
6xkr,1443,3
7ebz,1444,0
7ecy,1444,0
7ebr,1444,0
2hkf,1444,1
2hkh,1444,1
5tkj,1445,0
6o1f,1445,1
5n7w,1446,0
2zjs,1446,1
1lk3,1447,0
6hig,1448,0
2d03,1448,1
1t2q,1448,1
7mkm,1449,0
7mkl,1449,0
6wvz,1449,2
3s35,1449,3
3utz,1450,0
6wwc,1450,1
6wx2,1450,1
6cdo,1450,1
6cdm,1451,0
6wbv,1451,1
6w4v,1451,1
6w4s,1451,1
4g7v,1452,0
4g7y,1452,0
6lgw,1453,0
4m43,1453,0
5opy,1453,1
5gs0,1454,0
3uls,1454,0
7epb,1455,0
7c4s,1456,0
3qpx,1457,0
3iu3,1458,0
1mim,1458,0
1bgx,1458,1
1ay1,1458,1
6lyn,1458,2
1uyw,1459,0
5i9q,1460,0
2nz9,1461,0
2nyy,1461,0
2gcy,1461,0
5kvf,1461,1
3o6l,1461,2
3o6k,1461,2
3o6m,1461,2
6flc,1462,0
6axl,1463,0
6bzu,1464,0
5vnv,1465,0
5vnw,1465,0
3o2w,1466,0
3o2v,1466,0
2o5y,1466,1
2o5z,1466,1
2o5x,1466,1
1c1e,1466,2
6djp,1467,0
6ieb,1467,1
1f4y,1468,0
1f4x,1468,0
1f4w,1468,0
5uoe,1468,1
6b70,1468,1
1ruq,1469,0
1rur,1469,0
1a3l,1469,0
7m51,1470,0
7m52,1470,0
7m53,1470,0
7m55,1470,0
32c2,1471,0
1rvf,1472,0
1for,1472,0
4m1g,1473,0
3jwd,1474,0
1rz7,1474,0
4dvr,1474,0
3jwo,1474,0
1a4j,1475,0
1a4k,1475,0
3dgg,1476,0
1egj,1477,0
1lo4,1478,0
1sy6,1479,0
6mqm,1480,0
3wlw,1481,0
6uup,1481,1
6uy3,1481,1
2bdn,1481,2
6pef,1482,0
7bc7,1483,0
7bc6,1483,0
3opz,1484,0
1rmf,1485,0
6mxt,1485,1
3zhd,1486,0
3zhl,1486,0
3h0t,1487,0
3r1g,1488,0
6r0x,1489,1
7jgj,1491,0
2vl5,1492,0
2y5t,1492,0
7cdj,1493,0
6bpd,1494,0
1l7t,1495,0
1vpo,1495,0
6b5s,1496,0
6b5t,1496,0
6b5r,1496,0
6b5p,1496,0
5czx,1497,0
7kkk,1498,0
7kkj,1498,1
7kkl,1498,1
6nov,1499,0
6nou,1499,0
7kqb,1500,0
7m71,1500,0
4g6k,1501,0
4g6m,1501,0
4b41,1502,0
2ghw,1503,0
4k3j,1503,1
6lra,1504,0
6vos,1505,0
6vo1,1505,0
3i50,1506,0
3zkn,1507,0
3zkm,1507,0
2zuq,1507,1
5wuv,1507,2
5wux,1507,2
6nmu,1508,0
7jvb,1510,0
7det,1511,0
7ce2,1512,0
6wx1,1513,0
2v7h,1514,0
5f6i,1514,1
5vqm,1515,0
6h3h,1516,0
6nyq,1517,0
1cly,1518,0
1clz,1518,0
1ucb,1518,0
6wds,1520,0
4p59,1521,0
6iut,1521,1
7nks,1522,0
5xwd,1523,0
1a0q,1524,0
6v7z,1525,0
6s3t,1526,0
6rnn,1526,0
6c5w,1527,0
4w2o,1528,0
6apq,1528,0
5ysl,1530,0
5c6t,1532,0
5gks,1533,0
5gkr,1533,0
6ktr,1533,1
1ztx,1534,0
6g8r,1535,0
1fsk,1536,0
3eyv,1536,1
1s3k,1536,1
6ugv,1537,0
5vh3,1537,0
5vh4,1537,0
6ugs,1537,0
6ugt,1537,0
6ugu,1537,0
4g3y,1537,0
6dg2,1537,1
1eap,1537,2
3ux9,1538,0
6u9s,1539,0
1yc7,1540,0
1yc8,1540,0
5gzo,1541,0
6z06,1541,1
2i9l,1542,0
7bek,1543,0
7bej,1543,0
7chb,1543,1
7jmo,1543,2
7chp,1543,3
7e5y,1543,4
7mhy,1544,0
2otw,1545,0
2otu,1545,0
2gsg,1545,0
2cju,1545,1
3o11,1546,0
3mcl,1546,0
5w3p,1546,0
4ydl,1547,0
4q0x,1548,0
4n8c,1549,0
3hmw,1550,0
3hmx,1550,0
1jgv,1551,0
1jgu,1551,0
2agj,1552,0
5xs7,1553,0
6t3j,1553,1
5tf1,1554,0
7mhz,1556,0
6jc2,1557,0
5tru,1557,0
6rp8,1557,0
7elx,1557,0
5xj3,1557,0
7c88,1557,1
2pcp,1557,2
6r7t,1558,0
4u6h,1559,0
5d96,1561,0
5ob5,1562,0
4ij3,1563,0
1q0y,1564,0
1q0x,1564,0
2hwz,1566,0
6ohg,1567,0
5myo,1568,0
1kb5,1570,0
6oel,1572,0
7czt,1573,0
7cjf,1574,0
2cmr,1575,0
6xc2,1576,0
6wzn,1576,1
7cdi,1576,2
7e8m,1576,2
6xe1,1576,3
5eoc,1577,0
7c6a,1578,0
7c61,1578,0
1qkz,1580,0
4hj0,1581,0
5i8o,1582,0
6x07,1583,0
5i8k,1585,0
4k24,1586,0
4k23,1586,0
5tr8,1588,0
6o9i,1589,0
6mg7,1590,0
7k9z,1592,0
6nms,1593,0
6s5a,1594,0
1mam,1595,0
6u6u,1596,0
4lkx,1597,0
1i9i,1597,1
1i9j,1597,1
4oii,1598,0
6xr0,1598,1
6v4p,1598,2
5zs0,1599,0
6bdz,1600,0
4mau,1600,1
4aeh,1600,2
7k65,1601,0
6xzu,1602,0
2r0k,1603,0
2r0l,1603,1
6vx4,1604,0
6meg,1606,0
3fb5,1607,0
4lbe,1607,0
2dwe,1607,0
6w0i,1607,0
3f7v,1607,0
6w0f,1607,0
2jk5,1607,0
6w0c,1607,0
4lcu,1607,0
6w0h,1607,0
3gb7,1607,0
2w0f,1607,0
1r3i,1607,0
2atk,1607,0
2nlj,1607,0
2bob,1607,0
2hvk,1607,0
3or7,1607,0
1k4d,1607,0
1k4c,1607,0
2h8p,1607,0
1s5h,1607,0
3or6,1607,0
5vke,1607,0
4msw,1607,0
2hvj,1607,0
2hg5,1607,0
5vkh,1607,0
3stz,1607,0
6w0d,1607,0
2ih1,1607,0
6by3,1607,0
5ebl,1607,0
4uuj,1607,0
6w0a,1607,0
6w0g,1607,0
1r3j,1607,0
2boc,1607,0
5ec2,1607,0
6nfv,1607,0
2ih3,1607,0
5e1a,1607,0
6w0b,1607,0
5ebw,1607,0
2p7t,1607,0
6nfu,1607,0
6w0e,1607,0
3fb6,1607,0
3ogc,1607,0
6pa0,1607,0
6w0j,1607,0
2dwd,1607,0
1r3k,1607,0
5ec1,1607,0
5j9p,1607,0
3f7y,1607,0
5vk6,1607,0
2hfe,1607,0
3fb8,1607,0
3fb7,1607,0
1zwi,1607,0
2hjf,1607,0
3f5w,1607,0
3stl,1607,0
3iga,1607,0
5ebm,1607,0
6by2,1607,0
2itd,1607,0
2itc,1607,0
1r3l,1607,0
3hpl,1607,0
5sx4,1608,0
5sx5,1608,0
1i9r,1609,0
6w4w,1609,0
6i9i,1610,0
5u8q,1611,0
5u8r,1611,0
6wyt,1612,0
6cdp,1613,0
7jwp,1614,0
7jwq,1614,0
6xc4,1615,0
7d0c,1615,1
1orq,1616,0
2a0l,1616,1
1ors,1616,1
6k4z,1617,0
6uga,1618,0
6ug9,1618,0
6ug8,1618,0
6ug7,1618,0
7dk4,1619,0
7dk6,1619,0
5tzt,1619,1
6apo,1620,0
6app,1620,0
7kzc,1621,0
2g75,1621,1
2dd8,1621,1
1m7i,1622,0
1m71,1622,0
1m7d,1622,0
1pz5,1622,0
4amk,1622,1
3vg0,1623,0
3v6o,1623,0
1jhl,1624,0
3hr5,1624,1
5hi5,1625,0
2vxs,1625,0
5hi3,1625,0
5hhx,1625,0
5hhv,1625,0
5hi4,1625,0
6ks2,1626,0
6ko5,1626,0
4ouu,1627,0
4p3d,1627,0
4p3c,1627,0
4qxu,1627,0
4tsb,1629,0
4ttd,1629,1
4tsc,1629,2
4o9h,1630,0
6did,1631,0
6cjk,1631,0
6plh,1632,0
4r7n,1633,0
7m6g,1634,0
3cfi,1635,0
1mj7,1636,0
1mie,1636,0
4r7d,1636,1
1wt5,1637,0
2z4q,1637,0
5f21,1638,0
7neh,1639,0
7neg,1639,0
7bem,1639,0
5g5r,1640,0
5g5x,1640,0
2xqy,1642,0
5kov,1643,0
5i30,1643,0
7kpg,1644,0
6csf,1645,0
6cse,1645,0
4mxv,1646,0
4mxw,1646,0
2fat,1647,0
3bt2,1647,0
2fd6,1647,0
5tfs,1647,1
3bsz,1648,0
6bpe,1649,0
6bpc,1649,1
6bpb,1649,1
5veb,1650,0
7bq5,1650,1
6i8h,1651,0
5w5z,1652,0
5w5x,1652,0
6foe,1653,0
6dbd,1654,0
4ffz,1655,0
4ffy,1655,0
5ywp,1656,0
5ywf,1656,0
4rzc,1657,0
6vbp,1658,0
5ogi,1659,0
5ldn,1659,0
7kgu,1660,0
6uj9,1660,0
5xqw,1662,0
6lun,1663,0
1f8t,1664,0
1f90,1664,0
1s5i,1664,0
3sqo,1665,0
6zvf,1666,0
6pxg,1667,0
6pz8,1667,0
6pxh,1667,0
6dbe,1668,0
2arj,1669,0
4jre,1670,0
4jr9,1670,0
5usf,1671,0
6zxn,1672,0
7dst,1673,0
4hwe,1674,0
4hwb,1674,0
6txz,1674,1
4zg1,1675,0
7ej4,1676,0
6hgu,1677,0
6hga,1677,0
4oqt,1678,0
1iqd,1678,1
6u02,1679,0
6pzf,1679,0
1a3r,1680,0
1bbd,1680,0
4mqt,1681,0
5umi,1682,0
3ab0,1682,1
4j1u,1683,0
1t4k,1683,0
5v7r,1684,0
5mvz,1685,0
7jum,1686,0
1um6,1687,0
1um4,1687,0
1um5,1687,0
6ehv,1688,0
5t0y,1689,0
5szf,1689,0
5az2,1690,0
5e8d,1690,0
3u9u,1691,0
6pcu,1692,0
6d2p,1693,0
7b3o,1694,0
1yuh,1695,0
7a4d,1696,0
1jv5,1697,0
4y5v,1698,0
4y5y,1698,1
6c9u,1699,0
4hxa,1699,1
5cma,1700,0
3ffd,1700,1
6o9h,1701,0
3vi4,1702,0
3vi3,1702,0
4cni,1703,0
6xw5,1704,0
1hcv,1704,1
6u55,1705,0
1pkq,1706,0
4qxg,1707,0
7lss,1707,1
2g2r,1708,0
4xh2,1709,0
1ynt,1709,1
5if0,1711,0
5ifa,1711,0
5ies,1711,0
6phb,1711,1
6ddm,1711,2
5k59,1712,0
5kn5,1713,0
4ksd,1714,0
3qum,1715,0
6itc,1716,0
5eul,1716,0
2wuc,1717,0
2wub,1717,0
3k2u,1717,1
1eo8,1718,0
5cus,1719,0
3i2c,1721,0
7mmo,1722,0
2hh0,1723,0
6j6y,1724,0
7nd5,1725,0
7bei,1725,0
4web,1726,0
6vy4,1727,0
6uud,1728,0
5tzu,1729,0
6m3c,1730,0
6dyx,1731,0
3wsq,1732,0
4gq9,1733,0
5bq7,1734,0
4tsa,1735,0
3ls5,1736,0
3ls4,1736,0
6x1w,1737,0
1ahw,1738,0
1fgn,1738,0
3b9k,1738,1
7fab,1739,0
6qup,1740,0
4eig,1742,0
6nha,1743,0
7a48,1744,0
6x1v,1745,0
7chs,1748,0
2jel,1749,0
3ntc,1750,0
5yup,1751,0
6gv1,1752,0
7e86,1753,0
4lex,1754,0
5ywo,1755,0
6ldy,1757,0
6ldx,1758,0
6ldv,1758,0
6pyc,1759,0
6okn,1760,0
6ogx,1760,0
1vfb,1761,0
1kir,1761,0
1a7r,1761,0
1g7h,1761,0
1a2y,1761,0
1g7m,1761,0
1bvl,1761,0
1vfa,1761,0
1a7n,1761,0
1bvk,1761,0
1g7j,1761,0
1fdl,1761,0
1a7o,1761,0
1g7l,1761,0
1a7p,1761,0
1g7i,1761,0
1a7q,1761,0
1kip,1761,0
1kiq,1761,1
1kcs,1762,0
1kcv,1762,0
6p79,1762,1
1mju,1762,2
1mjj,1762,2
4orz,1763,0
6xw7,1764,0
5w3l,1765,0
5w3m,1765,0
5w3o,1765,0
5w3e,1765,0
5h2b,1765,1
4at6,1766,0
3mj9,1767,0
3mj8,1767,0
6h6y,1768,0
7kmi,1769,0
4z5r,1770,0
2vq1,1771,0
1kcu,1771,1
1kc5,1771,1
1uz6,1772,0
1uz8,1772,0
7czr,1772,1
7d00,1772,1
7czs,1772,1
5kg9,1772,2
2ybr,1774,0
2yc1,1774,0
6cnw,1775,0
4ocr,1776,0
4o4y,1777,0
4ma3,1777,0
4o51,1777,0
6i04,1779,0
5ja9,1780,0
2vxq,1781,0
6ev2,1782,0
6ev1,1782,0
3wif,1783,0
3we6,1783,0
3whx,1783,0
3wfh,1783,0
3uyr,1784,0
3uo1,1784,0
3v52,1784,0
3v4u,1784,0
4ffw,1785,0
4ffv,1785,0
5vta,1785,1
6jjp,1786,0
2xkn,1786,1
5jmr,1787,0
5jmo,1787,0
5yax,1788,0
7mfr,1789,0
6lhp,1790,0
4liq,1790,1
4l5f,1791,0
1i7z,1792,0
4m6m,1793,0
4m6n,1793,0
4nik,1794,0
6b9j,1795,0
6aod,1796,0
5f6h,1797,0
3k74,1798,0
1t04,1799,0
1b2w,1799,0
1t3f,1799,0
1b4j,1799,0
6dc8,1801,0
6dc7,1801,0
5kvg,1801,1
6fe4,1802,0
6oq8,1803,0
3n85,1804,0
7ljb,1805,0
4wfh,1805,0
4i9w,1805,0
4wff,1805,0
7lj4,1805,0
4wfg,1805,0
4wfe,1805,0
7lj5,1805,0
7lja,1805,0
6ddr,1805,1
1yqv,1805,2
2iff,1805,2
1bql,1805,2
4kq3,1806,0
6r2s,1808,0
1xgy,1809,0
5dwu,1810,0
4lgp,1811,0
6y1n,1812,0
2g60,1813,0
6s8i,1814,0
6fgb,1815,0
6xja,1816,0
6osh,1818,0
6osv,1818,1
1nj9,1819,0
6wju,1819,1
5ihl,1820,0
5dmj,1820,0
6a3w,1821,0
6mi2,1821,0
1hq4,1821,1
3upc,1821,2
3nfp,1821,3
3nfs,1821,3
5t78,1821,4
5t6p,1821,4
4ag4,1821,5
4bkl,1821,6
3r06,1822,0
3r08,1822,0
6dwi,1823,0
2r29,1824,0
2r69,1824,0
3uzq,1824,1
5aaw,1824,1
3uze,1824,1
3uzv,1824,1
5aam,1824,1
3uyp,1824,1
7cmk,1824,2
7c81,1824,2
6ewb,1825,0
7cu5,1826,0
5t5n,1826,1
4rdq,1826,1
6ju0,1826,2
6jwc,1826,2
5vyf,1826,3
6vel,1826,4
5nb5,1827,0
3cxd,1828,0
3dsf,1828,0
2nr6,1828,1
4wcy,1830,0
6i07,1831,0
1tet,1832,0
1zea,1832,0
6pe7,1832,1
6pe8,1832,1
6pe9,1832,1
1dzb,1832,2
3s36,1833,0
3s37,1833,0
3s34,1833,0
1t66,1834,0
4ocy,1834,1
4ocx,1834,1
1v7n,1835,0
1v7m,1835,0
2zkh,1835,0
7bz5,1836,0
1t2j,1836,1
5x5x,1838,0
6xzw,1839,0
6xpx,1840,0
3fzu,1841,0
5eor,1842,0
6qd8,1843,0
3lex,1845,0
3ley,1845,0
5tkk,1845,1
5dlm,1847,0
6t9d,1848,0
6t9e,1848,0
6u85,1849,0
3fo9,1849,0
6dzr,1849,0
1axt,1849,0
5f3h,1850,0
5f3b,1850,0
5dfw,1851,0
4zpv,1852,0
4zpt,1852,0
1cf8,1852,1
5kve,1852,2
5do2,1852,3
3if1,1853,0
3iet,1853,0
6ikm,1854,0
5whk,1855,0
5whj,1855,0
6bfq,1856,0
4xzu,1857,0
5vl3,1858,0
5vkk,1858,0
6ana,1858,0
6gwq,1860,0
6sv2,1861,0
2w9d,1861,0
2w9e,1861,0
6suz,1861,0
2z91,1862,0
2z92,1862,0
6x1u,1863,0
6qv1,1864,0
5waw,1865,0
5bo1,1865,1
6vbo,1866,0
4ypg,1867,0
1x9q,1868,0
1mco,1869,0
1ghf,1870,0
5fv2,1871,0
6tnp,1872,0
5dfz,1873,0
2c1p,1874,0
2c1o,1874,0
5d6c,1875,0
6dwa,1875,0
6dwc,1875,0
6cxc,1876,0
6hf1,1877,0
5d93,1877,0
6lz4,1877,1
6ujc,1878,0
6ujb,1878,0
5w0k,1880,0
6ejm,1881,0
4hxb,1881,1
1ynl,1882,0
1cgs,1882,0
1ynk,1882,0
2cgr,1882,0
4qex,1882,1
6p8d,1883,0
7ah1,1884,0
7kmh,1885,0
1mrc,1887,0
1mrd,1887,0
1mrf,1887,0
1mre,1887,0
7kji,1888,0
5czv,1889,0
1jgl,1890,0
1jhk,1890,0
6aq7,1891,0
3u0t,1892,0
5my6,1893,0
6ztd,1894,0
5ifh,1895,0
6pdr,1896,0
5mo9,1897,0
4d3c,1898,0
5vxl,1899,0
1z3g,1900,0
3d85,1900,1
1h3p,1900,2
1kcr,1901,0
6fzq,1902,0
5fxc,1902,0
5a2j,1902,0
5a2i,1902,0
5a2k,1902,0
5n7b,1902,0
5owp,1902,0
6fzr,1902,0
6tgg,1902,0
1sm3,1902,0
5a2l,1902,0
6frj,1902,0
7jtr,1902,1
1f3d,1903,0
5f97,1905,0
5f8q,1905,0
5f9a,1905,0
5f7w,1905,0
5f8r,1905,0
5f7n,1905,0
5f7k,1905,0
5f7m,1905,0
5f93,1905,0
5f7y,1905,0
5f9d,1905,0
2oz4,1906,0
6vmk,1906,1
6vmj,1906,1
5ikc,1907,0
7mfv,1908,0
7kgk,1908,0
3k1k,1909,0
3ogo,1909,0
4pfe,1909,0
5wts,1909,0
5n2k,1910,0
5njd,1910,0
7a4y,1911,0
4d9r,1912,0
4d9q,1912,0
5nhw,1913,0
5nhr,1913,0
5nh3,1913,0
5ngv,1913,0
1p4i,1913,1
6k65,1913,1
1p4b,1913,1
6kx0,1913,2
6kx1,1913,2
1igy,1914,0
5o2u,1915,0
1dl7,1916,0
4r3s,1916,1
4qyo,1916,1
4qxt,1916,1
4qy8,1916,1
4f9p,1916,2
6fv0,1917,0
6fuz,1917,0
6lz2,1918,0
7a29,1919,0
7a25,1919,0
5d7s,1920,0
5c7x,1920,0
5d72,1920,0
5d70,1920,0
5d71,1920,0
6bb4,1921,0
6w16,1922,0
1ub6,1923,0
1ub5,1923,0
1fl3,1923,0
3cfb,1923,0
3cfc,1923,0
5nbw,1925,0
7ks9,1925,1
5t1d,1926,0
7d2z,1927,0
4qhu,1928,0
1ggc,1929,0
1ggb,1929,0
1ggi,1929,0
5myx,1929,1
2uzi,1930,0
2vh5,1930,0
5n4g,1931,0
4rav,1932,0
2eh7,1933,0
2eh8,1933,0
1sjv,1935,0
5m2j,1936,0
6ul6,1937,0
6ghg,1937,1
7lsb,1938,0
7lsi,1938,0
6b20,1939,0
3s62,1940,0
1za6,1941,0
6i1o,1942,0
6i3z,1942,0
6u54,1943,0
6u53,1943,0
7c8v,1945,0
1cu4,1947,0
1cr9,1947,0
5n4j,1947,1
6xuk,1948,0
1baf,1949,0
5kte,1950,0
6d9w,1950,0
5dr5,1951,0
6ldw,1952,0
1e4x,1953,0
1e4w,1953,0
3c5s,1953,1
3ggw,1953,1
3c6s,1953,1
3bz4,1953,1
4lci,1954,0
4r0l,1954,0
6y54,1955,0
4lu5,1955,1
4otx,1955,2
3hfm,1956,0
1uac,1956,0
1ua6,1956,0
2dqh,1956,0
1j1x,1956,0
2znw,1956,0
6p4a,1956,0
1j1o,1956,0
1j1p,1956,0
2dqi,1956,0
2dqc,1956,0
2dqe,1956,0
2eks,1956,0
3a67,1956,0
5vjq,1956,0
2eiz,1956,0
3a6b,1956,0
6p4c,1956,0
6p4b,1956,0
1c08,1956,0
2dqf,1956,0
1ic4,1956,0
5ayu,1956,0
2yss,1956,0
5vjo,1956,0
3a6c,1956,0
2dqg,1956,0
3d9a,1956,0
2dqj,1956,0
2dqd,1956,0
1ic7,1956,1
1ic5,1956,1
1ndg,1956,2
6qu9,1956,3
1gpo,1956,4
3qg6,1956,5
3qg7,1956,5
3nzh,1956,6
2znx,1956,7
1hkl,1957,0
1gaf,1957,0
1aj7,1957,0
2rcs,1957,0
5cp7,1957,1
2ddq,1957,1
5cp3,1957,1
5dxw,1958,0
1dqq,1959,0
1xgt,1959,0
1dqm,1959,0
1xgp,1959,0
1nby,1959,0
1xgq,1959,0
1xgr,1959,0
1dqj,1959,0
1nbz,1959,0
1xgu,1959,0
5mub,1960,0
5mu2,1960,0
5mv3,1960,0
5mv4,1960,0
5mu0,1960,0
2y6s,1960,1
5gis,1960,2
5gir,1960,2
6okm,1961,0
6vl8,1962,0
6vl9,1962,0
5omn,1963,0
1ind,1964,0
1ine,1964,0
3fct,1965,0
1ngy,1965,0
1ngw,1965,0
1ngx,1965,1
1ngz,1965,1
1n7m,1965,1
5aum,1966,0
4x7f,1967,0
5tih,1968,0
1bbj,1969,0
5x4g,1970,0
5x0t,1970,0
5tbd,1971,0
1jnn,1972,0
1jnl,1972,0
1ndm,1973,0
1nsn,1974,0
6dc9,1974,1
1fh5,1975,0
6l8t,1977,0
6nmv,1977,1
1nld,1978,0
1nak,1979,0
1psk,1980,0
1mex,1981,0
6bit,1982,0
1emt,1982,1
1ktr,1982,2
6mv5,1983,0
6e4z,1983,0
6e4y,1983,0
6xtg,1984,0
6xud,1984,0
4kph,1984,1
4jo1,1985,0
4jo2,1985,0
5v6m,1985,1
5kqv,1986,0
2r4s,1987,0
3kj6,1987,0
2r4r,1987,0
3t2n,1987,1
3ujt,1987,1
3sgd,1988,0
3sge,1988,0
4okv,1988,1
3mnv,1989,0
6k68,1989,0
3mnz,1989,0
3mnw,1989,0
3mo1,1989,0
4tuo,1990,0
4tul,1990,0
4trp,1990,0
4tuj,1990,0
4tuk,1990,0
1fj1,1991,0
2xxm,1992,0
2xt1,1992,0
2xv6,1992,0
3u0w,1993,0
5tqq,1994,0
5tr1,1994,0
1tpx,1994,1
1tqb,1994,1
1tqc,1994,1
6nfn,1995,0
6nex,1995,0
5ggr,1996,0
5ggq,1996,0
5wt9,1996,0
5dyo,1997,0
5e5m,1998,0
2vxt,1999,0
2vxu,1999,0
5ip4,2000,0
4x8j,2001,0
5e2t,2002,0
5e2u,2002,0
5e2w,2002,0
5e2v,2002,0
5vzx,2003,0
5vzy,2003,0
4xxd,2003,0
5zxv,2004,0
1h8n,2005,0
1h8o,2005,0
1h8s,2005,0
1i3g,2005,0
6ssi,2006,0
4wht,2007,0
4why,2007,0
6x87,2008,0
6x8u,2008,0
6x8s,2008,0
6x8p,2008,0
6x8q,2008,0
5dmg,2009,0
1hh9,2010,0
1cft,2010,0
1hh6,2010,0
1cfs,2010,0
1hi6,2010,0
1cfn,2010,0
1bog,2010,0
1cfq,2010,0
5h8o,2011,0
5h8d,2011,0
7d5u,2012,0
4bel,2012,0
4bfb,2012,0
3zlq,2012,0
3zkx,2012,0
6jsz,2012,0
7d5b,2012,0
3zkq,2012,0
3zks,2012,0
5yy5,2013,0
4qt5,2014,0
5obf,2014,0
6oq7,2015,0
6obd,2016,0
2q8b,2017,0
2q8a,2017,0
5c3l,2018,0
1c5b,2019,0
1c5c,2019,0
5jor,2020,0
5jop,2020,0
6f7t,2021,0
5l21,2023,0
6pdu,2024,0
6ct7,2025,0
5ye4,2026,0
5ye3,2026,0
